--
-- PostgreSQL database dump
--

-- Dumped from database version 16.2
-- Dumped by pg_dump version 16.2

SET statement_timeout = 0;
SET lock_timeout = 0;
SET idle_in_transaction_session_timeout = 0;
SET client_encoding = 'UTF8';
SET standard_conforming_strings = on;
SELECT pg_catalog.set_config('search_path', '', false);
SET check_function_bodies = false;
SET xmloption = content;
SET client_min_messages = warning;
SET row_security = off;

SET default_tablespace = '';

SET default_table_access_method = heap;

--
-- Name: admin_permissions; Type: TABLE; Schema: public; Owner: postgres
--

CREATE TABLE public.admin_permissions (
    id integer NOT NULL,
    action character varying(255),
    action_parameters jsonb,
    subject character varying(255),
    properties jsonb,
    conditions jsonb,
    created_at timestamp(6) without time zone,
    updated_at timestamp(6) without time zone,
    created_by_id integer,
    updated_by_id integer
);


ALTER TABLE public.admin_permissions OWNER TO postgres;

--
-- Name: admin_permissions_id_seq; Type: SEQUENCE; Schema: public; Owner: postgres
--

CREATE SEQUENCE public.admin_permissions_id_seq
    AS integer
    START WITH 1
    INCREMENT BY 1
    NO MINVALUE
    NO MAXVALUE
    CACHE 1;


ALTER SEQUENCE public.admin_permissions_id_seq OWNER TO postgres;

--
-- Name: admin_permissions_id_seq; Type: SEQUENCE OWNED BY; Schema: public; Owner: postgres
--

ALTER SEQUENCE public.admin_permissions_id_seq OWNED BY public.admin_permissions.id;


--
-- Name: admin_permissions_role_links; Type: TABLE; Schema: public; Owner: postgres
--

CREATE TABLE public.admin_permissions_role_links (
    id integer NOT NULL,
    permission_id integer,
    role_id integer,
    permission_order double precision
);


ALTER TABLE public.admin_permissions_role_links OWNER TO postgres;

--
-- Name: admin_permissions_role_links_id_seq; Type: SEQUENCE; Schema: public; Owner: postgres
--

CREATE SEQUENCE public.admin_permissions_role_links_id_seq
    AS integer
    START WITH 1
    INCREMENT BY 1
    NO MINVALUE
    NO MAXVALUE
    CACHE 1;


ALTER SEQUENCE public.admin_permissions_role_links_id_seq OWNER TO postgres;

--
-- Name: admin_permissions_role_links_id_seq; Type: SEQUENCE OWNED BY; Schema: public; Owner: postgres
--

ALTER SEQUENCE public.admin_permissions_role_links_id_seq OWNED BY public.admin_permissions_role_links.id;


--
-- Name: admin_roles; Type: TABLE; Schema: public; Owner: postgres
--

CREATE TABLE public.admin_roles (
    id integer NOT NULL,
    name character varying(255),
    code character varying(255),
    description character varying(255),
    created_at timestamp(6) without time zone,
    updated_at timestamp(6) without time zone,
    created_by_id integer,
    updated_by_id integer
);


ALTER TABLE public.admin_roles OWNER TO postgres;

--
-- Name: admin_roles_id_seq; Type: SEQUENCE; Schema: public; Owner: postgres
--

CREATE SEQUENCE public.admin_roles_id_seq
    AS integer
    START WITH 1
    INCREMENT BY 1
    NO MINVALUE
    NO MAXVALUE
    CACHE 1;


ALTER SEQUENCE public.admin_roles_id_seq OWNER TO postgres;

--
-- Name: admin_roles_id_seq; Type: SEQUENCE OWNED BY; Schema: public; Owner: postgres
--

ALTER SEQUENCE public.admin_roles_id_seq OWNED BY public.admin_roles.id;


--
-- Name: admin_users; Type: TABLE; Schema: public; Owner: postgres
--

CREATE TABLE public.admin_users (
    id integer NOT NULL,
    firstname character varying(255),
    lastname character varying(255),
    username character varying(255),
    email character varying(255),
    password character varying(255),
    reset_password_token character varying(255),
    registration_token character varying(255),
    is_active boolean,
    blocked boolean,
    prefered_language character varying(255),
    created_at timestamp(6) without time zone,
    updated_at timestamp(6) without time zone,
    created_by_id integer,
    updated_by_id integer
);


ALTER TABLE public.admin_users OWNER TO postgres;

--
-- Name: admin_users_id_seq; Type: SEQUENCE; Schema: public; Owner: postgres
--

CREATE SEQUENCE public.admin_users_id_seq
    AS integer
    START WITH 1
    INCREMENT BY 1
    NO MINVALUE
    NO MAXVALUE
    CACHE 1;


ALTER SEQUENCE public.admin_users_id_seq OWNER TO postgres;

--
-- Name: admin_users_id_seq; Type: SEQUENCE OWNED BY; Schema: public; Owner: postgres
--

ALTER SEQUENCE public.admin_users_id_seq OWNED BY public.admin_users.id;


--
-- Name: admin_users_roles_links; Type: TABLE; Schema: public; Owner: postgres
--

CREATE TABLE public.admin_users_roles_links (
    id integer NOT NULL,
    user_id integer,
    role_id integer,
    role_order double precision,
    user_order double precision
);


ALTER TABLE public.admin_users_roles_links OWNER TO postgres;

--
-- Name: admin_users_roles_links_id_seq; Type: SEQUENCE; Schema: public; Owner: postgres
--

CREATE SEQUENCE public.admin_users_roles_links_id_seq
    AS integer
    START WITH 1
    INCREMENT BY 1
    NO MINVALUE
    NO MAXVALUE
    CACHE 1;


ALTER SEQUENCE public.admin_users_roles_links_id_seq OWNER TO postgres;

--
-- Name: admin_users_roles_links_id_seq; Type: SEQUENCE OWNED BY; Schema: public; Owner: postgres
--

ALTER SEQUENCE public.admin_users_roles_links_id_seq OWNED BY public.admin_users_roles_links.id;


--
-- Name: components_blocks_banners; Type: TABLE; Schema: public; Owner: postgres
--

CREATE TABLE public.components_blocks_banners (
    id integer NOT NULL
);


ALTER TABLE public.components_blocks_banners OWNER TO postgres;

--
-- Name: components_blocks_banners_components; Type: TABLE; Schema: public; Owner: postgres
--

CREATE TABLE public.components_blocks_banners_components (
    id integer NOT NULL,
    entity_id integer,
    component_id integer,
    component_type character varying(255),
    field character varying(255),
    "order" double precision
);


ALTER TABLE public.components_blocks_banners_components OWNER TO postgres;

--
-- Name: components_blocks_banners_components_id_seq; Type: SEQUENCE; Schema: public; Owner: postgres
--

CREATE SEQUENCE public.components_blocks_banners_components_id_seq
    AS integer
    START WITH 1
    INCREMENT BY 1
    NO MINVALUE
    NO MAXVALUE
    CACHE 1;


ALTER SEQUENCE public.components_blocks_banners_components_id_seq OWNER TO postgres;

--
-- Name: components_blocks_banners_components_id_seq; Type: SEQUENCE OWNED BY; Schema: public; Owner: postgres
--

ALTER SEQUENCE public.components_blocks_banners_components_id_seq OWNED BY public.components_blocks_banners_components.id;


--
-- Name: components_blocks_banners_id_seq; Type: SEQUENCE; Schema: public; Owner: postgres
--

CREATE SEQUENCE public.components_blocks_banners_id_seq
    AS integer
    START WITH 1
    INCREMENT BY 1
    NO MINVALUE
    NO MAXVALUE
    CACHE 1;


ALTER SEQUENCE public.components_blocks_banners_id_seq OWNER TO postgres;

--
-- Name: components_blocks_banners_id_seq; Type: SEQUENCE OWNED BY; Schema: public; Owner: postgres
--

ALTER SEQUENCE public.components_blocks_banners_id_seq OWNED BY public.components_blocks_banners.id;


--
-- Name: components_blocks_page_blogs; Type: TABLE; Schema: public; Owner: postgres
--

CREATE TABLE public.components_blocks_page_blogs (
    id integer NOT NULL,
    slug character varying(255)
);


ALTER TABLE public.components_blocks_page_blogs OWNER TO postgres;

--
-- Name: components_blocks_page_blogs_id_seq; Type: SEQUENCE; Schema: public; Owner: postgres
--

CREATE SEQUENCE public.components_blocks_page_blogs_id_seq
    AS integer
    START WITH 1
    INCREMENT BY 1
    NO MINVALUE
    NO MAXVALUE
    CACHE 1;


ALTER SEQUENCE public.components_blocks_page_blogs_id_seq OWNER TO postgres;

--
-- Name: components_blocks_page_blogs_id_seq; Type: SEQUENCE OWNED BY; Schema: public; Owner: postgres
--

ALTER SEQUENCE public.components_blocks_page_blogs_id_seq OWNED BY public.components_blocks_page_blogs.id;


--
-- Name: components_blocks_page_standarts; Type: TABLE; Schema: public; Owner: postgres
--

CREATE TABLE public.components_blocks_page_standarts (
    id integer NOT NULL,
    slug character varying(255)
);


ALTER TABLE public.components_blocks_page_standarts OWNER TO postgres;

--
-- Name: components_blocks_page_standarts_id_seq; Type: SEQUENCE; Schema: public; Owner: postgres
--

CREATE SEQUENCE public.components_blocks_page_standarts_id_seq
    AS integer
    START WITH 1
    INCREMENT BY 1
    NO MINVALUE
    NO MAXVALUE
    CACHE 1;


ALTER SEQUENCE public.components_blocks_page_standarts_id_seq OWNER TO postgres;

--
-- Name: components_blocks_page_standarts_id_seq; Type: SEQUENCE OWNED BY; Schema: public; Owner: postgres
--

ALTER SEQUENCE public.components_blocks_page_standarts_id_seq OWNED BY public.components_blocks_page_standarts.id;


--
-- Name: components_components_banner_slides; Type: TABLE; Schema: public; Owner: postgres
--

CREATE TABLE public.components_components_banner_slides (
    id integer NOT NULL,
    title character varying(255),
    description text
);


ALTER TABLE public.components_components_banner_slides OWNER TO postgres;

--
-- Name: components_components_banner_slides_components; Type: TABLE; Schema: public; Owner: postgres
--

CREATE TABLE public.components_components_banner_slides_components (
    id integer NOT NULL,
    entity_id integer,
    component_id integer,
    component_type character varying(255),
    field character varying(255),
    "order" double precision
);


ALTER TABLE public.components_components_banner_slides_components OWNER TO postgres;

--
-- Name: components_components_banner_slides_components_id_seq; Type: SEQUENCE; Schema: public; Owner: postgres
--

CREATE SEQUENCE public.components_components_banner_slides_components_id_seq
    AS integer
    START WITH 1
    INCREMENT BY 1
    NO MINVALUE
    NO MAXVALUE
    CACHE 1;


ALTER SEQUENCE public.components_components_banner_slides_components_id_seq OWNER TO postgres;

--
-- Name: components_components_banner_slides_components_id_seq; Type: SEQUENCE OWNED BY; Schema: public; Owner: postgres
--

ALTER SEQUENCE public.components_components_banner_slides_components_id_seq OWNED BY public.components_components_banner_slides_components.id;


--
-- Name: components_components_banner_slides_id_seq; Type: SEQUENCE; Schema: public; Owner: postgres
--

CREATE SEQUENCE public.components_components_banner_slides_id_seq
    AS integer
    START WITH 1
    INCREMENT BY 1
    NO MINVALUE
    NO MAXVALUE
    CACHE 1;


ALTER SEQUENCE public.components_components_banner_slides_id_seq OWNER TO postgres;

--
-- Name: components_components_banner_slides_id_seq; Type: SEQUENCE OWNED BY; Schema: public; Owner: postgres
--

ALTER SEQUENCE public.components_components_banner_slides_id_seq OWNED BY public.components_components_banner_slides.id;


--
-- Name: components_shared_buttons; Type: TABLE; Schema: public; Owner: postgres
--

CREATE TABLE public.components_shared_buttons (
    id integer NOT NULL,
    text character varying(255)
);


ALTER TABLE public.components_shared_buttons OWNER TO postgres;

--
-- Name: components_shared_buttons_id_seq; Type: SEQUENCE; Schema: public; Owner: postgres
--

CREATE SEQUENCE public.components_shared_buttons_id_seq
    AS integer
    START WITH 1
    INCREMENT BY 1
    NO MINVALUE
    NO MAXVALUE
    CACHE 1;


ALTER SEQUENCE public.components_shared_buttons_id_seq OWNER TO postgres;

--
-- Name: components_shared_buttons_id_seq; Type: SEQUENCE OWNED BY; Schema: public; Owner: postgres
--

ALTER SEQUENCE public.components_shared_buttons_id_seq OWNED BY public.components_shared_buttons.id;


--
-- Name: components_shared_meta_socials; Type: TABLE; Schema: public; Owner: postgres
--

CREATE TABLE public.components_shared_meta_socials (
    id integer NOT NULL,
    social_network character varying(255),
    title character varying(255),
    description character varying(255)
);


ALTER TABLE public.components_shared_meta_socials OWNER TO postgres;

--
-- Name: components_shared_meta_socials_id_seq; Type: SEQUENCE; Schema: public; Owner: postgres
--

CREATE SEQUENCE public.components_shared_meta_socials_id_seq
    AS integer
    START WITH 1
    INCREMENT BY 1
    NO MINVALUE
    NO MAXVALUE
    CACHE 1;


ALTER SEQUENCE public.components_shared_meta_socials_id_seq OWNER TO postgres;

--
-- Name: components_shared_meta_socials_id_seq; Type: SEQUENCE OWNED BY; Schema: public; Owner: postgres
--

ALTER SEQUENCE public.components_shared_meta_socials_id_seq OWNED BY public.components_shared_meta_socials.id;


--
-- Name: components_shared_seos; Type: TABLE; Schema: public; Owner: postgres
--

CREATE TABLE public.components_shared_seos (
    id integer NOT NULL,
    meta_title character varying(255),
    meta_description character varying(255),
    keywords text,
    meta_robots character varying(255),
    structured_data jsonb,
    meta_viewport character varying(255),
    canonical_url character varying(255)
);


ALTER TABLE public.components_shared_seos OWNER TO postgres;

--
-- Name: components_shared_seos_components; Type: TABLE; Schema: public; Owner: postgres
--

CREATE TABLE public.components_shared_seos_components (
    id integer NOT NULL,
    entity_id integer,
    component_id integer,
    component_type character varying(255),
    field character varying(255),
    "order" double precision
);


ALTER TABLE public.components_shared_seos_components OWNER TO postgres;

--
-- Name: components_shared_seos_components_id_seq; Type: SEQUENCE; Schema: public; Owner: postgres
--

CREATE SEQUENCE public.components_shared_seos_components_id_seq
    AS integer
    START WITH 1
    INCREMENT BY 1
    NO MINVALUE
    NO MAXVALUE
    CACHE 1;


ALTER SEQUENCE public.components_shared_seos_components_id_seq OWNER TO postgres;

--
-- Name: components_shared_seos_components_id_seq; Type: SEQUENCE OWNED BY; Schema: public; Owner: postgres
--

ALTER SEQUENCE public.components_shared_seos_components_id_seq OWNED BY public.components_shared_seos_components.id;


--
-- Name: components_shared_seos_id_seq; Type: SEQUENCE; Schema: public; Owner: postgres
--

CREATE SEQUENCE public.components_shared_seos_id_seq
    AS integer
    START WITH 1
    INCREMENT BY 1
    NO MINVALUE
    NO MAXVALUE
    CACHE 1;


ALTER SEQUENCE public.components_shared_seos_id_seq OWNER TO postgres;

--
-- Name: components_shared_seos_id_seq; Type: SEQUENCE OWNED BY; Schema: public; Owner: postgres
--

ALTER SEQUENCE public.components_shared_seos_id_seq OWNED BY public.components_shared_seos.id;


--
-- Name: files; Type: TABLE; Schema: public; Owner: postgres
--

CREATE TABLE public.files (
    id integer NOT NULL,
    name character varying(255),
    alternative_text character varying(255),
    caption character varying(255),
    width integer,
    height integer,
    formats jsonb,
    hash character varying(255),
    ext character varying(255),
    mime character varying(255),
    size numeric(10,2),
    url character varying(255),
    preview_url character varying(255),
    provider character varying(255),
    provider_metadata jsonb,
    folder_path character varying(255),
    created_at timestamp(6) without time zone,
    updated_at timestamp(6) without time zone,
    created_by_id integer,
    updated_by_id integer
);


ALTER TABLE public.files OWNER TO postgres;

--
-- Name: files_folder_links; Type: TABLE; Schema: public; Owner: postgres
--

CREATE TABLE public.files_folder_links (
    id integer NOT NULL,
    file_id integer,
    folder_id integer,
    file_order double precision
);


ALTER TABLE public.files_folder_links OWNER TO postgres;

--
-- Name: files_folder_links_id_seq; Type: SEQUENCE; Schema: public; Owner: postgres
--

CREATE SEQUENCE public.files_folder_links_id_seq
    AS integer
    START WITH 1
    INCREMENT BY 1
    NO MINVALUE
    NO MAXVALUE
    CACHE 1;


ALTER SEQUENCE public.files_folder_links_id_seq OWNER TO postgres;

--
-- Name: files_folder_links_id_seq; Type: SEQUENCE OWNED BY; Schema: public; Owner: postgres
--

ALTER SEQUENCE public.files_folder_links_id_seq OWNED BY public.files_folder_links.id;


--
-- Name: files_id_seq; Type: SEQUENCE; Schema: public; Owner: postgres
--

CREATE SEQUENCE public.files_id_seq
    AS integer
    START WITH 1
    INCREMENT BY 1
    NO MINVALUE
    NO MAXVALUE
    CACHE 1;


ALTER SEQUENCE public.files_id_seq OWNER TO postgres;

--
-- Name: files_id_seq; Type: SEQUENCE OWNED BY; Schema: public; Owner: postgres
--

ALTER SEQUENCE public.files_id_seq OWNED BY public.files.id;


--
-- Name: files_related_morphs; Type: TABLE; Schema: public; Owner: postgres
--

CREATE TABLE public.files_related_morphs (
    id integer NOT NULL,
    file_id integer,
    related_id integer,
    related_type character varying(255),
    field character varying(255),
    "order" double precision
);


ALTER TABLE public.files_related_morphs OWNER TO postgres;

--
-- Name: files_related_morphs_id_seq; Type: SEQUENCE; Schema: public; Owner: postgres
--

CREATE SEQUENCE public.files_related_morphs_id_seq
    AS integer
    START WITH 1
    INCREMENT BY 1
    NO MINVALUE
    NO MAXVALUE
    CACHE 1;


ALTER SEQUENCE public.files_related_morphs_id_seq OWNER TO postgres;

--
-- Name: files_related_morphs_id_seq; Type: SEQUENCE OWNED BY; Schema: public; Owner: postgres
--

ALTER SEQUENCE public.files_related_morphs_id_seq OWNED BY public.files_related_morphs.id;


--
-- Name: i18n_locale; Type: TABLE; Schema: public; Owner: postgres
--

CREATE TABLE public.i18n_locale (
    id integer NOT NULL,
    name character varying(255),
    code character varying(255),
    created_at timestamp(6) without time zone,
    updated_at timestamp(6) without time zone,
    created_by_id integer,
    updated_by_id integer
);


ALTER TABLE public.i18n_locale OWNER TO postgres;

--
-- Name: i18n_locale_id_seq; Type: SEQUENCE; Schema: public; Owner: postgres
--

CREATE SEQUENCE public.i18n_locale_id_seq
    AS integer
    START WITH 1
    INCREMENT BY 1
    NO MINVALUE
    NO MAXVALUE
    CACHE 1;


ALTER SEQUENCE public.i18n_locale_id_seq OWNER TO postgres;

--
-- Name: i18n_locale_id_seq; Type: SEQUENCE OWNED BY; Schema: public; Owner: postgres
--

ALTER SEQUENCE public.i18n_locale_id_seq OWNED BY public.i18n_locale.id;


--
-- Name: localizations; Type: TABLE; Schema: public; Owner: postgres
--

CREATE TABLE public.localizations (
    id integer NOT NULL,
    main jsonb,
    created_at timestamp(6) without time zone,
    updated_at timestamp(6) without time zone,
    created_by_id integer,
    updated_by_id integer,
    locale character varying(255)
);


ALTER TABLE public.localizations OWNER TO postgres;

--
-- Name: localizations_id_seq; Type: SEQUENCE; Schema: public; Owner: postgres
--

CREATE SEQUENCE public.localizations_id_seq
    AS integer
    START WITH 1
    INCREMENT BY 1
    NO MINVALUE
    NO MAXVALUE
    CACHE 1;


ALTER SEQUENCE public.localizations_id_seq OWNER TO postgres;

--
-- Name: localizations_id_seq; Type: SEQUENCE OWNED BY; Schema: public; Owner: postgres
--

ALTER SEQUENCE public.localizations_id_seq OWNED BY public.localizations.id;


--
-- Name: localizations_localizations_links; Type: TABLE; Schema: public; Owner: postgres
--

CREATE TABLE public.localizations_localizations_links (
    id integer NOT NULL,
    localization_id integer,
    inv_localization_id integer,
    localization_order double precision
);


ALTER TABLE public.localizations_localizations_links OWNER TO postgres;

--
-- Name: localizations_localizations_links_id_seq; Type: SEQUENCE; Schema: public; Owner: postgres
--

CREATE SEQUENCE public.localizations_localizations_links_id_seq
    AS integer
    START WITH 1
    INCREMENT BY 1
    NO MINVALUE
    NO MAXVALUE
    CACHE 1;


ALTER SEQUENCE public.localizations_localizations_links_id_seq OWNER TO postgres;

--
-- Name: localizations_localizations_links_id_seq; Type: SEQUENCE OWNED BY; Schema: public; Owner: postgres
--

ALTER SEQUENCE public.localizations_localizations_links_id_seq OWNED BY public.localizations_localizations_links.id;


--
-- Name: pages; Type: TABLE; Schema: public; Owner: postgres
--

CREATE TABLE public.pages (
    id integer NOT NULL,
    created_at timestamp(6) without time zone,
    updated_at timestamp(6) without time zone,
    published_at timestamp(6) without time zone,
    created_by_id integer,
    updated_by_id integer,
    locale character varying(255),
    internal_name character varying(255)
);


ALTER TABLE public.pages OWNER TO postgres;

--
-- Name: pages_components; Type: TABLE; Schema: public; Owner: postgres
--

CREATE TABLE public.pages_components (
    id integer NOT NULL,
    entity_id integer,
    component_id integer,
    component_type character varying(255),
    field character varying(255),
    "order" double precision
);


ALTER TABLE public.pages_components OWNER TO postgres;

--
-- Name: pages_components_id_seq; Type: SEQUENCE; Schema: public; Owner: postgres
--

CREATE SEQUENCE public.pages_components_id_seq
    AS integer
    START WITH 1
    INCREMENT BY 1
    NO MINVALUE
    NO MAXVALUE
    CACHE 1;


ALTER SEQUENCE public.pages_components_id_seq OWNER TO postgres;

--
-- Name: pages_components_id_seq; Type: SEQUENCE OWNED BY; Schema: public; Owner: postgres
--

ALTER SEQUENCE public.pages_components_id_seq OWNED BY public.pages_components.id;


--
-- Name: pages_id_seq; Type: SEQUENCE; Schema: public; Owner: postgres
--

CREATE SEQUENCE public.pages_id_seq
    AS integer
    START WITH 1
    INCREMENT BY 1
    NO MINVALUE
    NO MAXVALUE
    CACHE 1;


ALTER SEQUENCE public.pages_id_seq OWNER TO postgres;

--
-- Name: pages_id_seq; Type: SEQUENCE OWNED BY; Schema: public; Owner: postgres
--

ALTER SEQUENCE public.pages_id_seq OWNED BY public.pages.id;


--
-- Name: pages_localizations_links; Type: TABLE; Schema: public; Owner: postgres
--

CREATE TABLE public.pages_localizations_links (
    id integer NOT NULL,
    page_id integer,
    inv_page_id integer,
    page_order double precision
);


ALTER TABLE public.pages_localizations_links OWNER TO postgres;

--
-- Name: pages_localizations_links_id_seq; Type: SEQUENCE; Schema: public; Owner: postgres
--

CREATE SEQUENCE public.pages_localizations_links_id_seq
    AS integer
    START WITH 1
    INCREMENT BY 1
    NO MINVALUE
    NO MAXVALUE
    CACHE 1;


ALTER SEQUENCE public.pages_localizations_links_id_seq OWNER TO postgres;

--
-- Name: pages_localizations_links_id_seq; Type: SEQUENCE OWNED BY; Schema: public; Owner: postgres
--

ALTER SEQUENCE public.pages_localizations_links_id_seq OWNED BY public.pages_localizations_links.id;


--
-- Name: strapi_api_token_permissions; Type: TABLE; Schema: public; Owner: postgres
--

CREATE TABLE public.strapi_api_token_permissions (
    id integer NOT NULL,
    action character varying(255),
    created_at timestamp(6) without time zone,
    updated_at timestamp(6) without time zone,
    created_by_id integer,
    updated_by_id integer
);


ALTER TABLE public.strapi_api_token_permissions OWNER TO postgres;

--
-- Name: strapi_api_token_permissions_id_seq; Type: SEQUENCE; Schema: public; Owner: postgres
--

CREATE SEQUENCE public.strapi_api_token_permissions_id_seq
    AS integer
    START WITH 1
    INCREMENT BY 1
    NO MINVALUE
    NO MAXVALUE
    CACHE 1;


ALTER SEQUENCE public.strapi_api_token_permissions_id_seq OWNER TO postgres;

--
-- Name: strapi_api_token_permissions_id_seq; Type: SEQUENCE OWNED BY; Schema: public; Owner: postgres
--

ALTER SEQUENCE public.strapi_api_token_permissions_id_seq OWNED BY public.strapi_api_token_permissions.id;


--
-- Name: strapi_api_token_permissions_token_links; Type: TABLE; Schema: public; Owner: postgres
--

CREATE TABLE public.strapi_api_token_permissions_token_links (
    id integer NOT NULL,
    api_token_permission_id integer,
    api_token_id integer,
    api_token_permission_order double precision
);


ALTER TABLE public.strapi_api_token_permissions_token_links OWNER TO postgres;

--
-- Name: strapi_api_token_permissions_token_links_id_seq; Type: SEQUENCE; Schema: public; Owner: postgres
--

CREATE SEQUENCE public.strapi_api_token_permissions_token_links_id_seq
    AS integer
    START WITH 1
    INCREMENT BY 1
    NO MINVALUE
    NO MAXVALUE
    CACHE 1;


ALTER SEQUENCE public.strapi_api_token_permissions_token_links_id_seq OWNER TO postgres;

--
-- Name: strapi_api_token_permissions_token_links_id_seq; Type: SEQUENCE OWNED BY; Schema: public; Owner: postgres
--

ALTER SEQUENCE public.strapi_api_token_permissions_token_links_id_seq OWNED BY public.strapi_api_token_permissions_token_links.id;


--
-- Name: strapi_api_tokens; Type: TABLE; Schema: public; Owner: postgres
--

CREATE TABLE public.strapi_api_tokens (
    id integer NOT NULL,
    name character varying(255),
    description character varying(255),
    type character varying(255),
    access_key character varying(255),
    last_used_at timestamp(6) without time zone,
    expires_at timestamp(6) without time zone,
    lifespan bigint,
    created_at timestamp(6) without time zone,
    updated_at timestamp(6) without time zone,
    created_by_id integer,
    updated_by_id integer
);


ALTER TABLE public.strapi_api_tokens OWNER TO postgres;

--
-- Name: strapi_api_tokens_id_seq; Type: SEQUENCE; Schema: public; Owner: postgres
--

CREATE SEQUENCE public.strapi_api_tokens_id_seq
    AS integer
    START WITH 1
    INCREMENT BY 1
    NO MINVALUE
    NO MAXVALUE
    CACHE 1;


ALTER SEQUENCE public.strapi_api_tokens_id_seq OWNER TO postgres;

--
-- Name: strapi_api_tokens_id_seq; Type: SEQUENCE OWNED BY; Schema: public; Owner: postgres
--

ALTER SEQUENCE public.strapi_api_tokens_id_seq OWNED BY public.strapi_api_tokens.id;


--
-- Name: strapi_core_store_settings; Type: TABLE; Schema: public; Owner: postgres
--

CREATE TABLE public.strapi_core_store_settings (
    id integer NOT NULL,
    key character varying(255),
    value text,
    type character varying(255),
    environment character varying(255),
    tag character varying(255)
);


ALTER TABLE public.strapi_core_store_settings OWNER TO postgres;

--
-- Name: strapi_core_store_settings_id_seq; Type: SEQUENCE; Schema: public; Owner: postgres
--

CREATE SEQUENCE public.strapi_core_store_settings_id_seq
    AS integer
    START WITH 1
    INCREMENT BY 1
    NO MINVALUE
    NO MAXVALUE
    CACHE 1;


ALTER SEQUENCE public.strapi_core_store_settings_id_seq OWNER TO postgres;

--
-- Name: strapi_core_store_settings_id_seq; Type: SEQUENCE OWNED BY; Schema: public; Owner: postgres
--

ALTER SEQUENCE public.strapi_core_store_settings_id_seq OWNED BY public.strapi_core_store_settings.id;


--
-- Name: strapi_database_schema; Type: TABLE; Schema: public; Owner: postgres
--

CREATE TABLE public.strapi_database_schema (
    id integer NOT NULL,
    schema json,
    "time" timestamp without time zone,
    hash character varying(255)
);


ALTER TABLE public.strapi_database_schema OWNER TO postgres;

--
-- Name: strapi_database_schema_id_seq; Type: SEQUENCE; Schema: public; Owner: postgres
--

CREATE SEQUENCE public.strapi_database_schema_id_seq
    AS integer
    START WITH 1
    INCREMENT BY 1
    NO MINVALUE
    NO MAXVALUE
    CACHE 1;


ALTER SEQUENCE public.strapi_database_schema_id_seq OWNER TO postgres;

--
-- Name: strapi_database_schema_id_seq; Type: SEQUENCE OWNED BY; Schema: public; Owner: postgres
--

ALTER SEQUENCE public.strapi_database_schema_id_seq OWNED BY public.strapi_database_schema.id;


--
-- Name: strapi_migrations; Type: TABLE; Schema: public; Owner: postgres
--

CREATE TABLE public.strapi_migrations (
    id integer NOT NULL,
    name character varying(255),
    "time" timestamp without time zone
);


ALTER TABLE public.strapi_migrations OWNER TO postgres;

--
-- Name: strapi_migrations_id_seq; Type: SEQUENCE; Schema: public; Owner: postgres
--

CREATE SEQUENCE public.strapi_migrations_id_seq
    AS integer
    START WITH 1
    INCREMENT BY 1
    NO MINVALUE
    NO MAXVALUE
    CACHE 1;


ALTER SEQUENCE public.strapi_migrations_id_seq OWNER TO postgres;

--
-- Name: strapi_migrations_id_seq; Type: SEQUENCE OWNED BY; Schema: public; Owner: postgres
--

ALTER SEQUENCE public.strapi_migrations_id_seq OWNED BY public.strapi_migrations.id;


--
-- Name: strapi_release_actions; Type: TABLE; Schema: public; Owner: postgres
--

CREATE TABLE public.strapi_release_actions (
    id integer NOT NULL,
    type character varying(255),
    target_id integer,
    target_type character varying(255),
    content_type character varying(255),
    locale character varying(255),
    is_entry_valid boolean,
    created_at timestamp(6) without time zone,
    updated_at timestamp(6) without time zone,
    created_by_id integer,
    updated_by_id integer
);


ALTER TABLE public.strapi_release_actions OWNER TO postgres;

--
-- Name: strapi_release_actions_id_seq; Type: SEQUENCE; Schema: public; Owner: postgres
--

CREATE SEQUENCE public.strapi_release_actions_id_seq
    AS integer
    START WITH 1
    INCREMENT BY 1
    NO MINVALUE
    NO MAXVALUE
    CACHE 1;


ALTER SEQUENCE public.strapi_release_actions_id_seq OWNER TO postgres;

--
-- Name: strapi_release_actions_id_seq; Type: SEQUENCE OWNED BY; Schema: public; Owner: postgres
--

ALTER SEQUENCE public.strapi_release_actions_id_seq OWNED BY public.strapi_release_actions.id;


--
-- Name: strapi_release_actions_release_links; Type: TABLE; Schema: public; Owner: postgres
--

CREATE TABLE public.strapi_release_actions_release_links (
    id integer NOT NULL,
    release_action_id integer,
    release_id integer,
    release_action_order double precision
);


ALTER TABLE public.strapi_release_actions_release_links OWNER TO postgres;

--
-- Name: strapi_release_actions_release_links_id_seq; Type: SEQUENCE; Schema: public; Owner: postgres
--

CREATE SEQUENCE public.strapi_release_actions_release_links_id_seq
    AS integer
    START WITH 1
    INCREMENT BY 1
    NO MINVALUE
    NO MAXVALUE
    CACHE 1;


ALTER SEQUENCE public.strapi_release_actions_release_links_id_seq OWNER TO postgres;

--
-- Name: strapi_release_actions_release_links_id_seq; Type: SEQUENCE OWNED BY; Schema: public; Owner: postgres
--

ALTER SEQUENCE public.strapi_release_actions_release_links_id_seq OWNED BY public.strapi_release_actions_release_links.id;


--
-- Name: strapi_releases; Type: TABLE; Schema: public; Owner: postgres
--

CREATE TABLE public.strapi_releases (
    id integer NOT NULL,
    name character varying(255),
    released_at timestamp(6) without time zone,
    scheduled_at timestamp(6) without time zone,
    timezone character varying(255),
    status character varying(255),
    created_at timestamp(6) without time zone,
    updated_at timestamp(6) without time zone,
    created_by_id integer,
    updated_by_id integer
);


ALTER TABLE public.strapi_releases OWNER TO postgres;

--
-- Name: strapi_releases_id_seq; Type: SEQUENCE; Schema: public; Owner: postgres
--

CREATE SEQUENCE public.strapi_releases_id_seq
    AS integer
    START WITH 1
    INCREMENT BY 1
    NO MINVALUE
    NO MAXVALUE
    CACHE 1;


ALTER SEQUENCE public.strapi_releases_id_seq OWNER TO postgres;

--
-- Name: strapi_releases_id_seq; Type: SEQUENCE OWNED BY; Schema: public; Owner: postgres
--

ALTER SEQUENCE public.strapi_releases_id_seq OWNED BY public.strapi_releases.id;


--
-- Name: strapi_transfer_token_permissions; Type: TABLE; Schema: public; Owner: postgres
--

CREATE TABLE public.strapi_transfer_token_permissions (
    id integer NOT NULL,
    action character varying(255),
    created_at timestamp(6) without time zone,
    updated_at timestamp(6) without time zone,
    created_by_id integer,
    updated_by_id integer
);


ALTER TABLE public.strapi_transfer_token_permissions OWNER TO postgres;

--
-- Name: strapi_transfer_token_permissions_id_seq; Type: SEQUENCE; Schema: public; Owner: postgres
--

CREATE SEQUENCE public.strapi_transfer_token_permissions_id_seq
    AS integer
    START WITH 1
    INCREMENT BY 1
    NO MINVALUE
    NO MAXVALUE
    CACHE 1;


ALTER SEQUENCE public.strapi_transfer_token_permissions_id_seq OWNER TO postgres;

--
-- Name: strapi_transfer_token_permissions_id_seq; Type: SEQUENCE OWNED BY; Schema: public; Owner: postgres
--

ALTER SEQUENCE public.strapi_transfer_token_permissions_id_seq OWNED BY public.strapi_transfer_token_permissions.id;


--
-- Name: strapi_transfer_token_permissions_token_links; Type: TABLE; Schema: public; Owner: postgres
--

CREATE TABLE public.strapi_transfer_token_permissions_token_links (
    id integer NOT NULL,
    transfer_token_permission_id integer,
    transfer_token_id integer,
    transfer_token_permission_order double precision
);


ALTER TABLE public.strapi_transfer_token_permissions_token_links OWNER TO postgres;

--
-- Name: strapi_transfer_token_permissions_token_links_id_seq; Type: SEQUENCE; Schema: public; Owner: postgres
--

CREATE SEQUENCE public.strapi_transfer_token_permissions_token_links_id_seq
    AS integer
    START WITH 1
    INCREMENT BY 1
    NO MINVALUE
    NO MAXVALUE
    CACHE 1;


ALTER SEQUENCE public.strapi_transfer_token_permissions_token_links_id_seq OWNER TO postgres;

--
-- Name: strapi_transfer_token_permissions_token_links_id_seq; Type: SEQUENCE OWNED BY; Schema: public; Owner: postgres
--

ALTER SEQUENCE public.strapi_transfer_token_permissions_token_links_id_seq OWNED BY public.strapi_transfer_token_permissions_token_links.id;


--
-- Name: strapi_transfer_tokens; Type: TABLE; Schema: public; Owner: postgres
--

CREATE TABLE public.strapi_transfer_tokens (
    id integer NOT NULL,
    name character varying(255),
    description character varying(255),
    access_key character varying(255),
    last_used_at timestamp(6) without time zone,
    expires_at timestamp(6) without time zone,
    lifespan bigint,
    created_at timestamp(6) without time zone,
    updated_at timestamp(6) without time zone,
    created_by_id integer,
    updated_by_id integer
);


ALTER TABLE public.strapi_transfer_tokens OWNER TO postgres;

--
-- Name: strapi_transfer_tokens_id_seq; Type: SEQUENCE; Schema: public; Owner: postgres
--

CREATE SEQUENCE public.strapi_transfer_tokens_id_seq
    AS integer
    START WITH 1
    INCREMENT BY 1
    NO MINVALUE
    NO MAXVALUE
    CACHE 1;


ALTER SEQUENCE public.strapi_transfer_tokens_id_seq OWNER TO postgres;

--
-- Name: strapi_transfer_tokens_id_seq; Type: SEQUENCE OWNED BY; Schema: public; Owner: postgres
--

ALTER SEQUENCE public.strapi_transfer_tokens_id_seq OWNED BY public.strapi_transfer_tokens.id;


--
-- Name: strapi_webhooks; Type: TABLE; Schema: public; Owner: postgres
--

CREATE TABLE public.strapi_webhooks (
    id integer NOT NULL,
    name character varying(255),
    url text,
    headers jsonb,
    events jsonb,
    enabled boolean
);


ALTER TABLE public.strapi_webhooks OWNER TO postgres;

--
-- Name: strapi_webhooks_id_seq; Type: SEQUENCE; Schema: public; Owner: postgres
--

CREATE SEQUENCE public.strapi_webhooks_id_seq
    AS integer
    START WITH 1
    INCREMENT BY 1
    NO MINVALUE
    NO MAXVALUE
    CACHE 1;


ALTER SEQUENCE public.strapi_webhooks_id_seq OWNER TO postgres;

--
-- Name: strapi_webhooks_id_seq; Type: SEQUENCE OWNED BY; Schema: public; Owner: postgres
--

ALTER SEQUENCE public.strapi_webhooks_id_seq OWNED BY public.strapi_webhooks.id;


--
-- Name: up_permissions; Type: TABLE; Schema: public; Owner: postgres
--

CREATE TABLE public.up_permissions (
    id integer NOT NULL,
    action character varying(255),
    created_at timestamp(6) without time zone,
    updated_at timestamp(6) without time zone,
    created_by_id integer,
    updated_by_id integer
);


ALTER TABLE public.up_permissions OWNER TO postgres;

--
-- Name: up_permissions_id_seq; Type: SEQUENCE; Schema: public; Owner: postgres
--

CREATE SEQUENCE public.up_permissions_id_seq
    AS integer
    START WITH 1
    INCREMENT BY 1
    NO MINVALUE
    NO MAXVALUE
    CACHE 1;


ALTER SEQUENCE public.up_permissions_id_seq OWNER TO postgres;

--
-- Name: up_permissions_id_seq; Type: SEQUENCE OWNED BY; Schema: public; Owner: postgres
--

ALTER SEQUENCE public.up_permissions_id_seq OWNED BY public.up_permissions.id;


--
-- Name: up_permissions_role_links; Type: TABLE; Schema: public; Owner: postgres
--

CREATE TABLE public.up_permissions_role_links (
    id integer NOT NULL,
    permission_id integer,
    role_id integer,
    permission_order double precision
);


ALTER TABLE public.up_permissions_role_links OWNER TO postgres;

--
-- Name: up_permissions_role_links_id_seq; Type: SEQUENCE; Schema: public; Owner: postgres
--

CREATE SEQUENCE public.up_permissions_role_links_id_seq
    AS integer
    START WITH 1
    INCREMENT BY 1
    NO MINVALUE
    NO MAXVALUE
    CACHE 1;


ALTER SEQUENCE public.up_permissions_role_links_id_seq OWNER TO postgres;

--
-- Name: up_permissions_role_links_id_seq; Type: SEQUENCE OWNED BY; Schema: public; Owner: postgres
--

ALTER SEQUENCE public.up_permissions_role_links_id_seq OWNED BY public.up_permissions_role_links.id;


--
-- Name: up_roles; Type: TABLE; Schema: public; Owner: postgres
--

CREATE TABLE public.up_roles (
    id integer NOT NULL,
    name character varying(255),
    description character varying(255),
    type character varying(255),
    created_at timestamp(6) without time zone,
    updated_at timestamp(6) without time zone,
    created_by_id integer,
    updated_by_id integer
);


ALTER TABLE public.up_roles OWNER TO postgres;

--
-- Name: up_roles_id_seq; Type: SEQUENCE; Schema: public; Owner: postgres
--

CREATE SEQUENCE public.up_roles_id_seq
    AS integer
    START WITH 1
    INCREMENT BY 1
    NO MINVALUE
    NO MAXVALUE
    CACHE 1;


ALTER SEQUENCE public.up_roles_id_seq OWNER TO postgres;

--
-- Name: up_roles_id_seq; Type: SEQUENCE OWNED BY; Schema: public; Owner: postgres
--

ALTER SEQUENCE public.up_roles_id_seq OWNED BY public.up_roles.id;


--
-- Name: up_users; Type: TABLE; Schema: public; Owner: postgres
--

CREATE TABLE public.up_users (
    id integer NOT NULL,
    username character varying(255),
    email character varying(255),
    provider character varying(255),
    password character varying(255),
    reset_password_token character varying(255),
    confirmation_token character varying(255),
    confirmed boolean,
    blocked boolean,
    created_at timestamp(6) without time zone,
    updated_at timestamp(6) without time zone,
    created_by_id integer,
    updated_by_id integer
);


ALTER TABLE public.up_users OWNER TO postgres;

--
-- Name: up_users_id_seq; Type: SEQUENCE; Schema: public; Owner: postgres
--

CREATE SEQUENCE public.up_users_id_seq
    AS integer
    START WITH 1
    INCREMENT BY 1
    NO MINVALUE
    NO MAXVALUE
    CACHE 1;


ALTER SEQUENCE public.up_users_id_seq OWNER TO postgres;

--
-- Name: up_users_id_seq; Type: SEQUENCE OWNED BY; Schema: public; Owner: postgres
--

ALTER SEQUENCE public.up_users_id_seq OWNED BY public.up_users.id;


--
-- Name: up_users_role_links; Type: TABLE; Schema: public; Owner: postgres
--

CREATE TABLE public.up_users_role_links (
    id integer NOT NULL,
    user_id integer,
    role_id integer,
    user_order double precision
);


ALTER TABLE public.up_users_role_links OWNER TO postgres;

--
-- Name: up_users_role_links_id_seq; Type: SEQUENCE; Schema: public; Owner: postgres
--

CREATE SEQUENCE public.up_users_role_links_id_seq
    AS integer
    START WITH 1
    INCREMENT BY 1
    NO MINVALUE
    NO MAXVALUE
    CACHE 1;


ALTER SEQUENCE public.up_users_role_links_id_seq OWNER TO postgres;

--
-- Name: up_users_role_links_id_seq; Type: SEQUENCE OWNED BY; Schema: public; Owner: postgres
--

ALTER SEQUENCE public.up_users_role_links_id_seq OWNED BY public.up_users_role_links.id;


--
-- Name: upload_folders; Type: TABLE; Schema: public; Owner: postgres
--

CREATE TABLE public.upload_folders (
    id integer NOT NULL,
    name character varying(255),
    path_id integer,
    path character varying(255),
    created_at timestamp(6) without time zone,
    updated_at timestamp(6) without time zone,
    created_by_id integer,
    updated_by_id integer
);


ALTER TABLE public.upload_folders OWNER TO postgres;

--
-- Name: upload_folders_id_seq; Type: SEQUENCE; Schema: public; Owner: postgres
--

CREATE SEQUENCE public.upload_folders_id_seq
    AS integer
    START WITH 1
    INCREMENT BY 1
    NO MINVALUE
    NO MAXVALUE
    CACHE 1;


ALTER SEQUENCE public.upload_folders_id_seq OWNER TO postgres;

--
-- Name: upload_folders_id_seq; Type: SEQUENCE OWNED BY; Schema: public; Owner: postgres
--

ALTER SEQUENCE public.upload_folders_id_seq OWNED BY public.upload_folders.id;


--
-- Name: upload_folders_parent_links; Type: TABLE; Schema: public; Owner: postgres
--

CREATE TABLE public.upload_folders_parent_links (
    id integer NOT NULL,
    folder_id integer,
    inv_folder_id integer,
    folder_order double precision
);


ALTER TABLE public.upload_folders_parent_links OWNER TO postgres;

--
-- Name: upload_folders_parent_links_id_seq; Type: SEQUENCE; Schema: public; Owner: postgres
--

CREATE SEQUENCE public.upload_folders_parent_links_id_seq
    AS integer
    START WITH 1
    INCREMENT BY 1
    NO MINVALUE
    NO MAXVALUE
    CACHE 1;


ALTER SEQUENCE public.upload_folders_parent_links_id_seq OWNER TO postgres;

--
-- Name: upload_folders_parent_links_id_seq; Type: SEQUENCE OWNED BY; Schema: public; Owner: postgres
--

ALTER SEQUENCE public.upload_folders_parent_links_id_seq OWNED BY public.upload_folders_parent_links.id;


--
-- Name: admin_permissions id; Type: DEFAULT; Schema: public; Owner: postgres
--

ALTER TABLE ONLY public.admin_permissions ALTER COLUMN id SET DEFAULT nextval('public.admin_permissions_id_seq'::regclass);


--
-- Name: admin_permissions_role_links id; Type: DEFAULT; Schema: public; Owner: postgres
--

ALTER TABLE ONLY public.admin_permissions_role_links ALTER COLUMN id SET DEFAULT nextval('public.admin_permissions_role_links_id_seq'::regclass);


--
-- Name: admin_roles id; Type: DEFAULT; Schema: public; Owner: postgres
--

ALTER TABLE ONLY public.admin_roles ALTER COLUMN id SET DEFAULT nextval('public.admin_roles_id_seq'::regclass);


--
-- Name: admin_users id; Type: DEFAULT; Schema: public; Owner: postgres
--

ALTER TABLE ONLY public.admin_users ALTER COLUMN id SET DEFAULT nextval('public.admin_users_id_seq'::regclass);


--
-- Name: admin_users_roles_links id; Type: DEFAULT; Schema: public; Owner: postgres
--

ALTER TABLE ONLY public.admin_users_roles_links ALTER COLUMN id SET DEFAULT nextval('public.admin_users_roles_links_id_seq'::regclass);


--
-- Name: components_blocks_banners id; Type: DEFAULT; Schema: public; Owner: postgres
--

ALTER TABLE ONLY public.components_blocks_banners ALTER COLUMN id SET DEFAULT nextval('public.components_blocks_banners_id_seq'::regclass);


--
-- Name: components_blocks_banners_components id; Type: DEFAULT; Schema: public; Owner: postgres
--

ALTER TABLE ONLY public.components_blocks_banners_components ALTER COLUMN id SET DEFAULT nextval('public.components_blocks_banners_components_id_seq'::regclass);


--
-- Name: components_blocks_page_blogs id; Type: DEFAULT; Schema: public; Owner: postgres
--

ALTER TABLE ONLY public.components_blocks_page_blogs ALTER COLUMN id SET DEFAULT nextval('public.components_blocks_page_blogs_id_seq'::regclass);


--
-- Name: components_blocks_page_standarts id; Type: DEFAULT; Schema: public; Owner: postgres
--

ALTER TABLE ONLY public.components_blocks_page_standarts ALTER COLUMN id SET DEFAULT nextval('public.components_blocks_page_standarts_id_seq'::regclass);


--
-- Name: components_components_banner_slides id; Type: DEFAULT; Schema: public; Owner: postgres
--

ALTER TABLE ONLY public.components_components_banner_slides ALTER COLUMN id SET DEFAULT nextval('public.components_components_banner_slides_id_seq'::regclass);


--
-- Name: components_components_banner_slides_components id; Type: DEFAULT; Schema: public; Owner: postgres
--

ALTER TABLE ONLY public.components_components_banner_slides_components ALTER COLUMN id SET DEFAULT nextval('public.components_components_banner_slides_components_id_seq'::regclass);


--
-- Name: components_shared_buttons id; Type: DEFAULT; Schema: public; Owner: postgres
--

ALTER TABLE ONLY public.components_shared_buttons ALTER COLUMN id SET DEFAULT nextval('public.components_shared_buttons_id_seq'::regclass);


--
-- Name: components_shared_meta_socials id; Type: DEFAULT; Schema: public; Owner: postgres
--

ALTER TABLE ONLY public.components_shared_meta_socials ALTER COLUMN id SET DEFAULT nextval('public.components_shared_meta_socials_id_seq'::regclass);


--
-- Name: components_shared_seos id; Type: DEFAULT; Schema: public; Owner: postgres
--

ALTER TABLE ONLY public.components_shared_seos ALTER COLUMN id SET DEFAULT nextval('public.components_shared_seos_id_seq'::regclass);


--
-- Name: components_shared_seos_components id; Type: DEFAULT; Schema: public; Owner: postgres
--

ALTER TABLE ONLY public.components_shared_seos_components ALTER COLUMN id SET DEFAULT nextval('public.components_shared_seos_components_id_seq'::regclass);


--
-- Name: files id; Type: DEFAULT; Schema: public; Owner: postgres
--

ALTER TABLE ONLY public.files ALTER COLUMN id SET DEFAULT nextval('public.files_id_seq'::regclass);


--
-- Name: files_folder_links id; Type: DEFAULT; Schema: public; Owner: postgres
--

ALTER TABLE ONLY public.files_folder_links ALTER COLUMN id SET DEFAULT nextval('public.files_folder_links_id_seq'::regclass);


--
-- Name: files_related_morphs id; Type: DEFAULT; Schema: public; Owner: postgres
--

ALTER TABLE ONLY public.files_related_morphs ALTER COLUMN id SET DEFAULT nextval('public.files_related_morphs_id_seq'::regclass);


--
-- Name: i18n_locale id; Type: DEFAULT; Schema: public; Owner: postgres
--

ALTER TABLE ONLY public.i18n_locale ALTER COLUMN id SET DEFAULT nextval('public.i18n_locale_id_seq'::regclass);


--
-- Name: localizations id; Type: DEFAULT; Schema: public; Owner: postgres
--

ALTER TABLE ONLY public.localizations ALTER COLUMN id SET DEFAULT nextval('public.localizations_id_seq'::regclass);


--
-- Name: localizations_localizations_links id; Type: DEFAULT; Schema: public; Owner: postgres
--

ALTER TABLE ONLY public.localizations_localizations_links ALTER COLUMN id SET DEFAULT nextval('public.localizations_localizations_links_id_seq'::regclass);


--
-- Name: pages id; Type: DEFAULT; Schema: public; Owner: postgres
--

ALTER TABLE ONLY public.pages ALTER COLUMN id SET DEFAULT nextval('public.pages_id_seq'::regclass);


--
-- Name: pages_components id; Type: DEFAULT; Schema: public; Owner: postgres
--

ALTER TABLE ONLY public.pages_components ALTER COLUMN id SET DEFAULT nextval('public.pages_components_id_seq'::regclass);


--
-- Name: pages_localizations_links id; Type: DEFAULT; Schema: public; Owner: postgres
--

ALTER TABLE ONLY public.pages_localizations_links ALTER COLUMN id SET DEFAULT nextval('public.pages_localizations_links_id_seq'::regclass);


--
-- Name: strapi_api_token_permissions id; Type: DEFAULT; Schema: public; Owner: postgres
--

ALTER TABLE ONLY public.strapi_api_token_permissions ALTER COLUMN id SET DEFAULT nextval('public.strapi_api_token_permissions_id_seq'::regclass);


--
-- Name: strapi_api_token_permissions_token_links id; Type: DEFAULT; Schema: public; Owner: postgres
--

ALTER TABLE ONLY public.strapi_api_token_permissions_token_links ALTER COLUMN id SET DEFAULT nextval('public.strapi_api_token_permissions_token_links_id_seq'::regclass);


--
-- Name: strapi_api_tokens id; Type: DEFAULT; Schema: public; Owner: postgres
--

ALTER TABLE ONLY public.strapi_api_tokens ALTER COLUMN id SET DEFAULT nextval('public.strapi_api_tokens_id_seq'::regclass);


--
-- Name: strapi_core_store_settings id; Type: DEFAULT; Schema: public; Owner: postgres
--

ALTER TABLE ONLY public.strapi_core_store_settings ALTER COLUMN id SET DEFAULT nextval('public.strapi_core_store_settings_id_seq'::regclass);


--
-- Name: strapi_database_schema id; Type: DEFAULT; Schema: public; Owner: postgres
--

ALTER TABLE ONLY public.strapi_database_schema ALTER COLUMN id SET DEFAULT nextval('public.strapi_database_schema_id_seq'::regclass);


--
-- Name: strapi_migrations id; Type: DEFAULT; Schema: public; Owner: postgres
--

ALTER TABLE ONLY public.strapi_migrations ALTER COLUMN id SET DEFAULT nextval('public.strapi_migrations_id_seq'::regclass);


--
-- Name: strapi_release_actions id; Type: DEFAULT; Schema: public; Owner: postgres
--

ALTER TABLE ONLY public.strapi_release_actions ALTER COLUMN id SET DEFAULT nextval('public.strapi_release_actions_id_seq'::regclass);


--
-- Name: strapi_release_actions_release_links id; Type: DEFAULT; Schema: public; Owner: postgres
--

ALTER TABLE ONLY public.strapi_release_actions_release_links ALTER COLUMN id SET DEFAULT nextval('public.strapi_release_actions_release_links_id_seq'::regclass);


--
-- Name: strapi_releases id; Type: DEFAULT; Schema: public; Owner: postgres
--

ALTER TABLE ONLY public.strapi_releases ALTER COLUMN id SET DEFAULT nextval('public.strapi_releases_id_seq'::regclass);


--
-- Name: strapi_transfer_token_permissions id; Type: DEFAULT; Schema: public; Owner: postgres
--

ALTER TABLE ONLY public.strapi_transfer_token_permissions ALTER COLUMN id SET DEFAULT nextval('public.strapi_transfer_token_permissions_id_seq'::regclass);


--
-- Name: strapi_transfer_token_permissions_token_links id; Type: DEFAULT; Schema: public; Owner: postgres
--

ALTER TABLE ONLY public.strapi_transfer_token_permissions_token_links ALTER COLUMN id SET DEFAULT nextval('public.strapi_transfer_token_permissions_token_links_id_seq'::regclass);


--
-- Name: strapi_transfer_tokens id; Type: DEFAULT; Schema: public; Owner: postgres
--

ALTER TABLE ONLY public.strapi_transfer_tokens ALTER COLUMN id SET DEFAULT nextval('public.strapi_transfer_tokens_id_seq'::regclass);


--
-- Name: strapi_webhooks id; Type: DEFAULT; Schema: public; Owner: postgres
--

ALTER TABLE ONLY public.strapi_webhooks ALTER COLUMN id SET DEFAULT nextval('public.strapi_webhooks_id_seq'::regclass);


--
-- Name: up_permissions id; Type: DEFAULT; Schema: public; Owner: postgres
--

ALTER TABLE ONLY public.up_permissions ALTER COLUMN id SET DEFAULT nextval('public.up_permissions_id_seq'::regclass);


--
-- Name: up_permissions_role_links id; Type: DEFAULT; Schema: public; Owner: postgres
--

ALTER TABLE ONLY public.up_permissions_role_links ALTER COLUMN id SET DEFAULT nextval('public.up_permissions_role_links_id_seq'::regclass);


--
-- Name: up_roles id; Type: DEFAULT; Schema: public; Owner: postgres
--

ALTER TABLE ONLY public.up_roles ALTER COLUMN id SET DEFAULT nextval('public.up_roles_id_seq'::regclass);


--
-- Name: up_users id; Type: DEFAULT; Schema: public; Owner: postgres
--

ALTER TABLE ONLY public.up_users ALTER COLUMN id SET DEFAULT nextval('public.up_users_id_seq'::regclass);


--
-- Name: up_users_role_links id; Type: DEFAULT; Schema: public; Owner: postgres
--

ALTER TABLE ONLY public.up_users_role_links ALTER COLUMN id SET DEFAULT nextval('public.up_users_role_links_id_seq'::regclass);


--
-- Name: upload_folders id; Type: DEFAULT; Schema: public; Owner: postgres
--

ALTER TABLE ONLY public.upload_folders ALTER COLUMN id SET DEFAULT nextval('public.upload_folders_id_seq'::regclass);


--
-- Name: upload_folders_parent_links id; Type: DEFAULT; Schema: public; Owner: postgres
--

ALTER TABLE ONLY public.upload_folders_parent_links ALTER COLUMN id SET DEFAULT nextval('public.upload_folders_parent_links_id_seq'::regclass);


--
-- Data for Name: admin_permissions; Type: TABLE DATA; Schema: public; Owner: postgres
--

COPY public.admin_permissions (id, action, action_parameters, subject, properties, conditions, created_at, updated_at, created_by_id, updated_by_id) FROM stdin;
1	plugin::upload.read	{}	\N	{}	[]	2024-09-28 12:31:31.678	2024-09-28 12:31:31.678	\N	\N
2	plugin::upload.configure-view	{}	\N	{}	[]	2024-09-28 12:31:31.689	2024-09-28 12:31:31.689	\N	\N
3	plugin::upload.assets.create	{}	\N	{}	[]	2024-09-28 12:31:31.696	2024-09-28 12:31:31.696	\N	\N
4	plugin::upload.assets.update	{}	\N	{}	[]	2024-09-28 12:31:31.702	2024-09-28 12:31:31.702	\N	\N
5	plugin::upload.assets.download	{}	\N	{}	[]	2024-09-28 12:31:31.712	2024-09-28 12:31:31.712	\N	\N
6	plugin::upload.assets.copy-link	{}	\N	{}	[]	2024-09-28 12:31:31.718	2024-09-28 12:31:31.718	\N	\N
7	plugin::upload.read	{}	\N	{}	["admin::is-creator"]	2024-09-28 12:31:31.729	2024-09-28 12:31:31.729	\N	\N
8	plugin::upload.configure-view	{}	\N	{}	[]	2024-09-28 12:31:31.735	2024-09-28 12:31:31.735	\N	\N
9	plugin::upload.assets.create	{}	\N	{}	[]	2024-09-28 12:31:31.741	2024-09-28 12:31:31.741	\N	\N
10	plugin::upload.assets.update	{}	\N	{}	["admin::is-creator"]	2024-09-28 12:31:31.746	2024-09-28 12:31:31.746	\N	\N
11	plugin::upload.assets.download	{}	\N	{}	[]	2024-09-28 12:31:31.75	2024-09-28 12:31:31.75	\N	\N
12	plugin::upload.assets.copy-link	{}	\N	{}	[]	2024-09-28 12:31:31.756	2024-09-28 12:31:31.756	\N	\N
13	plugin::content-manager.explorer.create	{}	plugin::users-permissions.user	{"fields": ["username", "email", "provider", "password", "resetPasswordToken", "confirmationToken", "confirmed", "blocked", "role"]}	[]	2024-09-28 12:31:31.795	2024-09-28 12:31:31.795	\N	\N
14	plugin::content-manager.explorer.read	{}	plugin::users-permissions.user	{"fields": ["username", "email", "provider", "password", "resetPasswordToken", "confirmationToken", "confirmed", "blocked", "role"]}	[]	2024-09-28 12:31:31.803	2024-09-28 12:31:31.803	\N	\N
15	plugin::content-manager.explorer.update	{}	plugin::users-permissions.user	{"fields": ["username", "email", "provider", "password", "resetPasswordToken", "confirmationToken", "confirmed", "blocked", "role"]}	[]	2024-09-28 12:31:31.81	2024-09-28 12:31:31.81	\N	\N
16	plugin::content-manager.explorer.delete	{}	plugin::users-permissions.user	{}	[]	2024-09-28 12:31:31.817	2024-09-28 12:31:31.817	\N	\N
17	plugin::content-manager.single-types.configure-view	{}	\N	{}	[]	2024-09-28 12:31:31.823	2024-09-28 12:31:31.823	\N	\N
18	plugin::content-manager.collection-types.configure-view	{}	\N	{}	[]	2024-09-28 12:31:31.83	2024-09-28 12:31:31.83	\N	\N
19	plugin::content-manager.components.configure-layout	{}	\N	{}	[]	2024-09-28 12:31:31.837	2024-09-28 12:31:31.837	\N	\N
20	plugin::content-type-builder.read	{}	\N	{}	[]	2024-09-28 12:31:31.843	2024-09-28 12:31:31.843	\N	\N
21	plugin::email.settings.read	{}	\N	{}	[]	2024-09-28 12:31:31.848	2024-09-28 12:31:31.848	\N	\N
22	plugin::upload.read	{}	\N	{}	[]	2024-09-28 12:31:31.852	2024-09-28 12:31:31.852	\N	\N
23	plugin::upload.assets.create	{}	\N	{}	[]	2024-09-28 12:31:31.858	2024-09-28 12:31:31.858	\N	\N
24	plugin::upload.assets.update	{}	\N	{}	[]	2024-09-28 12:31:31.863	2024-09-28 12:31:31.863	\N	\N
25	plugin::upload.assets.download	{}	\N	{}	[]	2024-09-28 12:31:31.869	2024-09-28 12:31:31.869	\N	\N
26	plugin::upload.assets.copy-link	{}	\N	{}	[]	2024-09-28 12:31:31.875	2024-09-28 12:31:31.875	\N	\N
27	plugin::upload.configure-view	{}	\N	{}	[]	2024-09-28 12:31:31.879	2024-09-28 12:31:31.879	\N	\N
28	plugin::upload.settings.read	{}	\N	{}	[]	2024-09-28 12:31:31.884	2024-09-28 12:31:31.884	\N	\N
29	plugin::users-permissions.roles.create	{}	\N	{}	[]	2024-09-28 12:31:31.889	2024-09-28 12:31:31.889	\N	\N
30	plugin::users-permissions.roles.read	{}	\N	{}	[]	2024-09-28 12:31:31.893	2024-09-28 12:31:31.893	\N	\N
31	plugin::users-permissions.roles.update	{}	\N	{}	[]	2024-09-28 12:31:31.896	2024-09-28 12:31:31.896	\N	\N
32	plugin::users-permissions.roles.delete	{}	\N	{}	[]	2024-09-28 12:31:31.901	2024-09-28 12:31:31.901	\N	\N
33	plugin::users-permissions.providers.read	{}	\N	{}	[]	2024-09-28 12:31:31.906	2024-09-28 12:31:31.906	\N	\N
34	plugin::users-permissions.providers.update	{}	\N	{}	[]	2024-09-28 12:31:31.911	2024-09-28 12:31:31.911	\N	\N
35	plugin::users-permissions.email-templates.read	{}	\N	{}	[]	2024-09-28 12:31:31.915	2024-09-28 12:31:31.915	\N	\N
36	plugin::users-permissions.email-templates.update	{}	\N	{}	[]	2024-09-28 12:31:31.92	2024-09-28 12:31:31.92	\N	\N
37	plugin::users-permissions.advanced-settings.read	{}	\N	{}	[]	2024-09-28 12:31:31.925	2024-09-28 12:31:31.925	\N	\N
38	plugin::users-permissions.advanced-settings.update	{}	\N	{}	[]	2024-09-28 12:31:31.93	2024-09-28 12:31:31.93	\N	\N
39	plugin::i18n.locale.create	{}	\N	{}	[]	2024-09-28 12:31:31.935	2024-09-28 12:31:31.935	\N	\N
40	plugin::i18n.locale.read	{}	\N	{}	[]	2024-09-28 12:31:31.939	2024-09-28 12:31:31.939	\N	\N
41	plugin::i18n.locale.update	{}	\N	{}	[]	2024-09-28 12:31:31.943	2024-09-28 12:31:31.943	\N	\N
42	plugin::i18n.locale.delete	{}	\N	{}	[]	2024-09-28 12:31:31.948	2024-09-28 12:31:31.948	\N	\N
43	admin::marketplace.read	{}	\N	{}	[]	2024-09-28 12:31:31.955	2024-09-28 12:31:31.955	\N	\N
44	admin::webhooks.create	{}	\N	{}	[]	2024-09-28 12:31:31.96	2024-09-28 12:31:31.96	\N	\N
45	admin::webhooks.read	{}	\N	{}	[]	2024-09-28 12:31:31.966	2024-09-28 12:31:31.966	\N	\N
46	admin::webhooks.update	{}	\N	{}	[]	2024-09-28 12:31:31.972	2024-09-28 12:31:31.972	\N	\N
47	admin::webhooks.delete	{}	\N	{}	[]	2024-09-28 12:31:31.977	2024-09-28 12:31:31.977	\N	\N
48	admin::users.create	{}	\N	{}	[]	2024-09-28 12:31:31.982	2024-09-28 12:31:31.982	\N	\N
49	admin::users.read	{}	\N	{}	[]	2024-09-28 12:31:31.986	2024-09-28 12:31:31.986	\N	\N
50	admin::users.update	{}	\N	{}	[]	2024-09-28 12:31:31.991	2024-09-28 12:31:31.991	\N	\N
51	admin::users.delete	{}	\N	{}	[]	2024-09-28 12:31:31.997	2024-09-28 12:31:31.997	\N	\N
52	admin::roles.create	{}	\N	{}	[]	2024-09-28 12:31:32.001	2024-09-28 12:31:32.001	\N	\N
53	admin::roles.read	{}	\N	{}	[]	2024-09-28 12:31:32.005	2024-09-28 12:31:32.005	\N	\N
54	admin::roles.update	{}	\N	{}	[]	2024-09-28 12:31:32.01	2024-09-28 12:31:32.01	\N	\N
55	admin::roles.delete	{}	\N	{}	[]	2024-09-28 12:31:32.014	2024-09-28 12:31:32.014	\N	\N
56	admin::api-tokens.access	{}	\N	{}	[]	2024-09-28 12:31:32.019	2024-09-28 12:31:32.019	\N	\N
57	admin::api-tokens.create	{}	\N	{}	[]	2024-09-28 12:31:32.024	2024-09-28 12:31:32.024	\N	\N
58	admin::api-tokens.read	{}	\N	{}	[]	2024-09-28 12:31:32.03	2024-09-28 12:31:32.03	\N	\N
59	admin::api-tokens.update	{}	\N	{}	[]	2024-09-28 12:31:32.034	2024-09-28 12:31:32.034	\N	\N
60	admin::api-tokens.regenerate	{}	\N	{}	[]	2024-09-28 12:31:32.039	2024-09-28 12:31:32.039	\N	\N
61	admin::api-tokens.delete	{}	\N	{}	[]	2024-09-28 12:31:32.042	2024-09-28 12:31:32.042	\N	\N
62	admin::project-settings.update	{}	\N	{}	[]	2024-09-28 12:31:32.046	2024-09-28 12:31:32.046	\N	\N
63	admin::project-settings.read	{}	\N	{}	[]	2024-09-28 12:31:32.049	2024-09-28 12:31:32.049	\N	\N
64	admin::transfer.tokens.access	{}	\N	{}	[]	2024-09-28 12:31:32.053	2024-09-28 12:31:32.053	\N	\N
65	admin::transfer.tokens.create	{}	\N	{}	[]	2024-09-28 12:31:32.057	2024-09-28 12:31:32.057	\N	\N
66	admin::transfer.tokens.read	{}	\N	{}	[]	2024-09-28 12:31:32.061	2024-09-28 12:31:32.061	\N	\N
67	admin::transfer.tokens.update	{}	\N	{}	[]	2024-09-28 12:31:32.064	2024-09-28 12:31:32.064	\N	\N
68	admin::transfer.tokens.regenerate	{}	\N	{}	[]	2024-09-28 12:31:32.068	2024-09-28 12:31:32.068	\N	\N
69	admin::transfer.tokens.delete	{}	\N	{}	[]	2024-09-28 12:31:32.073	2024-09-28 12:31:32.073	\N	\N
75	plugin::content-manager.explorer.create	{}	api::localization.localization	{"fields": ["main"], "locales": ["en", "sk"]}	[]	2024-09-29 19:54:50.909	2024-09-29 19:54:50.909	\N	\N
74	plugin::content-manager.explorer.publish	{}	api::page.page	{"locales": ["en", "sk"]}	[]	2024-09-29 19:54:50.913	2024-09-29 19:54:50.913	\N	\N
77	plugin::content-manager.explorer.update	{}	api::localization.localization	{"fields": ["main"], "locales": ["en", "sk"]}	[]	2024-09-29 19:54:50.916	2024-09-29 19:54:50.916	\N	\N
76	plugin::content-manager.explorer.read	{}	api::localization.localization	{"fields": ["main"], "locales": ["en", "sk"]}	[]	2024-09-29 19:54:50.92	2024-09-29 19:54:50.92	\N	\N
73	plugin::content-manager.explorer.delete	{}	api::page.page	{"locales": ["en", "sk"]}	[]	2024-09-29 19:54:50.922	2024-09-29 19:54:50.922	\N	\N
78	plugin::content-manager.explorer.delete	{}	api::localization.localization	{"locales": ["en", "sk"]}	[]	2024-09-29 19:54:50.93	2024-09-29 19:54:50.93	\N	\N
82	plugin::seo.read	{}	\N	{}	[]	2024-09-29 20:10:52.685	2024-09-29 20:10:52.685	\N	\N
110	plugin::content-manager.explorer.create	{}	api::page.page	{"fields": ["internalName", "type", "blocks", "seo.metaTitle", "seo.metaDescription", "seo.metaImage", "seo.metaSocial.socialNetwork", "seo.metaSocial.title", "seo.metaSocial.description", "seo.metaSocial.image", "seo.keywords", "seo.metaRobots", "seo.structuredData", "seo.metaViewport", "seo.canonicalURL"], "locales": ["en", "sk"]}	[]	2024-09-30 08:21:01.723	2024-09-30 08:21:01.723	\N	\N
111	plugin::content-manager.explorer.read	{}	api::page.page	{"fields": ["internalName", "type", "blocks", "seo.metaTitle", "seo.metaDescription", "seo.metaImage", "seo.metaSocial.socialNetwork", "seo.metaSocial.title", "seo.metaSocial.description", "seo.metaSocial.image", "seo.keywords", "seo.metaRobots", "seo.structuredData", "seo.metaViewport", "seo.canonicalURL"], "locales": ["en", "sk"]}	[]	2024-09-30 08:21:01.728	2024-09-30 08:21:01.728	\N	\N
112	plugin::content-manager.explorer.update	{}	api::page.page	{"fields": ["internalName", "type", "blocks", "seo.metaTitle", "seo.metaDescription", "seo.metaImage", "seo.metaSocial.socialNetwork", "seo.metaSocial.title", "seo.metaSocial.description", "seo.metaSocial.image", "seo.keywords", "seo.metaRobots", "seo.structuredData", "seo.metaViewport", "seo.canonicalURL"], "locales": ["en", "sk"]}	[]	2024-09-30 08:21:01.731	2024-09-30 08:21:01.731	\N	\N
\.


--
-- Data for Name: admin_permissions_role_links; Type: TABLE DATA; Schema: public; Owner: postgres
--

COPY public.admin_permissions_role_links (id, permission_id, role_id, permission_order) FROM stdin;
1	1	2	1
2	2	2	2
3	3	2	3
4	4	2	4
5	5	2	5
6	6	2	6
7	7	3	1
8	8	3	2
9	9	3	3
10	10	3	4
11	11	3	5
12	12	3	6
13	13	1	1
14	14	1	2
15	15	1	3
16	16	1	4
17	17	1	5
18	18	1	6
19	19	1	7
20	20	1	8
21	21	1	9
22	22	1	10
23	23	1	11
24	24	1	12
25	25	1	13
26	26	1	14
27	27	1	15
28	28	1	16
29	29	1	17
30	30	1	18
31	31	1	19
32	32	1	20
33	33	1	21
34	34	1	22
35	35	1	23
36	36	1	24
37	37	1	25
38	38	1	26
39	39	1	27
40	40	1	28
41	41	1	29
42	42	1	30
43	43	1	31
44	44	1	32
45	45	1	33
46	46	1	34
47	47	1	35
48	48	1	36
49	49	1	37
50	50	1	38
51	51	1	39
52	52	1	40
53	53	1	41
54	54	1	42
55	55	1	43
56	56	1	44
57	57	1	45
58	58	1	46
59	59	1	47
60	60	1	48
61	61	1	49
62	62	1	50
63	63	1	51
64	64	1	52
65	65	1	53
66	66	1	54
67	67	1	55
68	68	1	56
69	69	1	57
79	75	1	58
80	74	1	59
81	77	1	60
83	76	1	62
84	73	1	63
86	78	1	65
91	82	1	69
119	110	1	70
120	111	1	71
121	112	1	72
\.


--
-- Data for Name: admin_roles; Type: TABLE DATA; Schema: public; Owner: postgres
--

COPY public.admin_roles (id, name, code, description, created_at, updated_at, created_by_id, updated_by_id) FROM stdin;
1	Super Admin	strapi-super-admin	Super Admins can access and manage all features and settings.	2024-09-28 12:31:31.651	2024-09-28 12:31:31.651	\N	\N
2	Editor	strapi-editor	Editors can manage and publish contents including those of other users.	2024-09-28 12:31:31.668	2024-09-28 12:31:31.668	\N	\N
3	Author	strapi-author	Authors can manage the content they have created.	2024-09-28 12:31:31.672	2024-09-28 12:31:31.672	\N	\N
\.


--
-- Data for Name: admin_users; Type: TABLE DATA; Schema: public; Owner: postgres
--

COPY public.admin_users (id, firstname, lastname, username, email, password, reset_password_token, registration_token, is_active, blocked, prefered_language, created_at, updated_at, created_by_id, updated_by_id) FROM stdin;
1	Artur	Kozubov	\N	arturkozubov@uteg.sk	$2a$10$Xx9v7kOf95a4zJJxXPgfs.rcY8lWSG4HKCs0RjdeI5FDApJ4oAM6O	\N	\N	t	f	\N	2024-09-28 12:32:06.035	2024-09-28 12:32:06.035	\N	\N
\.


--
-- Data for Name: admin_users_roles_links; Type: TABLE DATA; Schema: public; Owner: postgres
--

COPY public.admin_users_roles_links (id, user_id, role_id, role_order, user_order) FROM stdin;
1	1	1	1	1
\.


--
-- Data for Name: components_blocks_banners; Type: TABLE DATA; Schema: public; Owner: postgres
--

COPY public.components_blocks_banners (id) FROM stdin;
1
2
3
6
9
8
5
4
\.


--
-- Data for Name: components_blocks_banners_components; Type: TABLE DATA; Schema: public; Owner: postgres
--

COPY public.components_blocks_banners_components (id, entity_id, component_id, component_type, field, "order") FROM stdin;
2	1	2	components.banner-slide	slides	1
3	3	3	components.banner-slide	slides	1
7	6	6	components.banner-slide	slides	1
12	9	9	components.banner-slide	slides	1
11	8	8	components.banner-slide	slides	1
6	5	5	components.banner-slide	slides	1
4	4	4	components.banner-slide	slides	1
\.


--
-- Data for Name: components_blocks_page_blogs; Type: TABLE DATA; Schema: public; Owner: postgres
--

COPY public.components_blocks_page_blogs (id, slug) FROM stdin;
1	hello
3	prikad
6	priklad-draft
5	example-draft
2	example
\.


--
-- Data for Name: components_blocks_page_standarts; Type: TABLE DATA; Schema: public; Owner: postgres
--

COPY public.components_blocks_page_standarts (id, slug) FROM stdin;
1	\N
2	\N
3	\N
\.


--
-- Data for Name: components_components_banner_slides; Type: TABLE DATA; Schema: public; Owner: postgres
--

COPY public.components_components_banner_slides (id, title, description) FROM stdin;
2	Hello world	Hello world
3	Domca strnka	\N
6	Blogov strnka	\N
9	Blogov strnka Draft	\N
8	Blog Page Draft	Draft Content.
5	Blog Page	\N
4	Home Page	\N
\.


--
-- Data for Name: components_components_banner_slides_components; Type: TABLE DATA; Schema: public; Owner: postgres
--

COPY public.components_components_banner_slides_components (id, entity_id, component_id, component_type, field, "order") FROM stdin;
\.


--
-- Data for Name: components_shared_buttons; Type: TABLE DATA; Schema: public; Owner: postgres
--

COPY public.components_shared_buttons (id, text) FROM stdin;
\.


--
-- Data for Name: components_shared_meta_socials; Type: TABLE DATA; Schema: public; Owner: postgres
--

COPY public.components_shared_meta_socials (id, social_network, title, description) FROM stdin;
\.


--
-- Data for Name: components_shared_seos; Type: TABLE DATA; Schema: public; Owner: postgres
--

COPY public.components_shared_seos (id, meta_title, meta_description, keywords, meta_robots, structured_data, meta_viewport, canonical_url) FROM stdin;
1	Hello world	Hello world. Hello world. Hello world. Hello world. Hello world.	\N	\N	\N	\N	\N
2	Hello	Hello world. Hello world. Hello world. Hello world. Hello world.	\N	\N	\N	\N	\N
3	Domca strnka	Domca strnka. Domca strnka. Domca strnka. Domca strnka. Domca strnka	\N	\N	\N	\N	\N
6	Blogov strnka	Blogov strnka. Blogov strnka. Blogov strnka. Blogov strnka. Blogov strnka. Blogov strnka.	\N	\N	\N	\N	\N
9	Blogov strnka Draft	Blogov strnka Draft. Blogov strnka Draft. Blogov strnka Draft. Blogov strnka Draft. Blogov strnka Draft.	\N	\N	\N	\N	\N
8	Blog Page Draft	Blog Page Draft. Blog Page Draft. Blog Page Draft. Blog Page Draft. Blog Page Draft.	\N	\N	\N	\N	\N
5	Blog Page	Blog Page. Blog Page. Blog Page. Blog Page. Blog Page.	\N	\N	\N	\N	\N
4	Home Page	Home Page. Home Page. Home Page. Home Page. Home Page	\N	\N	\N	\N	\N
\.


--
-- Data for Name: components_shared_seos_components; Type: TABLE DATA; Schema: public; Owner: postgres
--

COPY public.components_shared_seos_components (id, entity_id, component_id, component_type, field, "order") FROM stdin;
\.


--
-- Data for Name: files; Type: TABLE DATA; Schema: public; Owner: postgres
--

COPY public.files (id, name, alternative_text, caption, width, height, formats, hash, ext, mime, size, url, preview_url, provider, provider_metadata, folder_path, created_at, updated_at, created_by_id, updated_by_id) FROM stdin;
1	hello-world-pixel-3840x2160-15168.png	\N	\N	3840	2160	{"large": {"ext": ".png", "url": "/uploads/large_hello_world_pixel_3840x2160_15168_b21f59ee1f.png", "hash": "large_hello_world_pixel_3840x2160_15168_b21f59ee1f", "mime": "image/png", "name": "large_hello-world-pixel-3840x2160-15168.png", "path": null, "size": 9.55, "width": 1000, "height": 563, "sizeInBytes": 9545}, "small": {"ext": ".png", "url": "/uploads/small_hello_world_pixel_3840x2160_15168_b21f59ee1f.png", "hash": "small_hello_world_pixel_3840x2160_15168_b21f59ee1f", "mime": "image/png", "name": "small_hello-world-pixel-3840x2160-15168.png", "path": null, "size": 4.57, "width": 500, "height": 281, "sizeInBytes": 4567}, "medium": {"ext": ".png", "url": "/uploads/medium_hello_world_pixel_3840x2160_15168_b21f59ee1f.png", "hash": "medium_hello_world_pixel_3840x2160_15168_b21f59ee1f", "mime": "image/png", "name": "medium_hello-world-pixel-3840x2160-15168.png", "path": null, "size": 6.99, "width": 750, "height": 422, "sizeInBytes": 6990}, "thumbnail": {"ext": ".png", "url": "/uploads/thumbnail_hello_world_pixel_3840x2160_15168_b21f59ee1f.png", "hash": "thumbnail_hello_world_pixel_3840x2160_15168_b21f59ee1f", "mime": "image/png", "name": "thumbnail_hello-world-pixel-3840x2160-15168.png", "path": null, "size": 1.87, "width": 245, "height": 138, "sizeInBytes": 1865}}	hello_world_pixel_3840x2160_15168_b21f59ee1f	.png	image/png	14.50	/uploads/hello_world_pixel_3840x2160_15168_b21f59ee1f.png	\N	local	\N	/	2024-09-29 21:26:29.598	2024-09-29 21:26:29.598	1	1
\.


--
-- Data for Name: files_folder_links; Type: TABLE DATA; Schema: public; Owner: postgres
--

COPY public.files_folder_links (id, file_id, folder_id, file_order) FROM stdin;
\.


--
-- Data for Name: files_related_morphs; Type: TABLE DATA; Schema: public; Owner: postgres
--

COPY public.files_related_morphs (id, file_id, related_id, related_type, field, "order") FROM stdin;
1	1	2	components.banner-slide	image	1
4	1	3	components.banner-slide	image	1
6	1	6	components.banner-slide	image	1
11	1	9	components.banner-slide	image	1
18	1	8	components.banner-slide	image	1
27	1	5	components.banner-slide	image	1
30	1	4	components.banner-slide	image	1
\.


--
-- Data for Name: i18n_locale; Type: TABLE DATA; Schema: public; Owner: postgres
--

COPY public.i18n_locale (id, name, code, created_at, updated_at, created_by_id, updated_by_id) FROM stdin;
1	English (en)	en	2024-09-28 12:31:31.614	2024-09-28 12:31:31.614	\N	\N
2	Slovak (sk)	sk	2024-09-29 19:54:50.861	2024-09-29 19:54:50.861	1	1
\.


--
-- Data for Name: localizations; Type: TABLE DATA; Schema: public; Owner: postgres
--

COPY public.localizations (id, main, created_at, updated_at, created_by_id, updated_by_id, locale) FROM stdin;
1	{"blocks": {"banner": {"example": "Priklad"}}}	2024-09-29 19:54:57.059	2024-09-30 06:13:25.635	1	1	sk
2	{"blocks": {"banner": {"example": "Example"}}}	2024-09-29 19:54:59.959	2024-09-30 06:13:35.939	1	1	en
\.


--
-- Data for Name: localizations_localizations_links; Type: TABLE DATA; Schema: public; Owner: postgres
--

COPY public.localizations_localizations_links (id, localization_id, inv_localization_id, localization_order) FROM stdin;
1	2	1	1
2	1	2	1
\.


--
-- Data for Name: pages; Type: TABLE DATA; Schema: public; Owner: postgres
--

COPY public.pages (id, created_at, updated_at, published_at, created_by_id, updated_by_id, locale, internal_name) FROM stdin;
1	2024-09-29 21:19:57.205	2024-09-30 08:27:48.102	2024-09-29 21:25:19.2	1	1	sk	Domca strnka
2	2024-09-30 06:49:47.683	2024-09-30 08:48:19.593	2024-09-30 08:48:19.589	1	1	sk	Blogov strnka
7	2024-09-30 09:04:52.914	2024-09-30 09:04:52.914	\N	1	1	sk	Blogov strnka Draft
6	2024-09-30 09:02:39.456	2024-09-30 10:52:08.675	\N	1	1	en	Blog Page Draft
4	2024-09-30 08:29:50.814	2024-09-30 11:14:10.744	2024-09-30 08:29:54.091	1	1	en	Blog Page
3	2024-09-30 08:26:49.411	2024-09-30 11:16:24.783	2024-09-30 08:26:53.328	1	1	en	Home Page
\.


--
-- Data for Name: pages_components; Type: TABLE DATA; Schema: public; Owner: postgres
--

COPY public.pages_components (id, entity_id, component_id, component_type, field, "order") FROM stdin;
3	1	3	shared.seo	seo	\N
6	3	4	shared.seo	seo	\N
7	1	2	blocks.page-standart	type	1
8	1	3	blocks.banner	blocks	1
12	4	5	shared.seo	seo	\N
13	2	3	blocks.page-blog	type	1
14	2	6	blocks.banner	blocks	1
15	2	6	shared.seo	seo	\N
27	6	8	shared.seo	seo	\N
28	7	6	blocks.page-blog	type	1
29	7	9	blocks.banner	blocks	1
30	7	9	shared.seo	seo	\N
49	6	5	blocks.page-blog	type	1
50	6	8	blocks.banner	blocks	1
76	4	2	blocks.page-blog	type	1
77	4	5	blocks.banner	blocks	1
85	3	3	blocks.page-standart	type	1
86	3	4	blocks.banner	blocks	1
\.


--
-- Data for Name: pages_localizations_links; Type: TABLE DATA; Schema: public; Owner: postgres
--

COPY public.pages_localizations_links (id, page_id, inv_page_id, page_order) FROM stdin;
1	3	1	1
2	1	3	1
3	4	2	1
4	2	4	1
6	7	6	1
7	6	7	1
\.


--
-- Data for Name: strapi_api_token_permissions; Type: TABLE DATA; Schema: public; Owner: postgres
--

COPY public.strapi_api_token_permissions (id, action, created_at, updated_at, created_by_id, updated_by_id) FROM stdin;
1	api::localization.localization.find	2024-09-29 21:08:24.709	2024-09-29 21:08:24.709	\N	\N
2	api::page.page.findByTypeAndSlug	2024-09-29 21:08:24.709	2024-09-29 21:08:24.709	\N	\N
3	api::page.page.findOne	2024-09-29 21:08:24.709	2024-09-29 21:08:24.709	\N	\N
4	api::page.page.find	2024-09-29 21:08:24.709	2024-09-29 21:08:24.709	\N	\N
\.


--
-- Data for Name: strapi_api_token_permissions_token_links; Type: TABLE DATA; Schema: public; Owner: postgres
--

COPY public.strapi_api_token_permissions_token_links (id, api_token_permission_id, api_token_id, api_token_permission_order) FROM stdin;
1	1	1	1
2	2	1	1
3	3	1	2
4	4	1	2
\.


--
-- Data for Name: strapi_api_tokens; Type: TABLE DATA; Schema: public; Owner: postgres
--

COPY public.strapi_api_tokens (id, name, description, type, access_key, last_used_at, expires_at, lifespan, created_at, updated_at, created_by_id, updated_by_id) FROM stdin;
1	90days-readonly		custom	9162b17747059b1ddb28ec141006a4bd3908efdf93979a549ac33615fcb92f4977786f9cf206ea237827bb40c8034306a4e18d654bb4204972510eebbf028eaf	\N	2024-12-28 19:56:42.725	7776000000	2024-09-29 20:56:42.725	2024-09-29 21:08:38.241	\N	\N
\.


--
-- Data for Name: strapi_core_store_settings; Type: TABLE DATA; Schema: public; Owner: postgres
--

COPY public.strapi_core_store_settings (id, key, value, type, environment, tag) FROM stdin;
2	plugin_content_manager_configuration_content_types::admin::permission	{"settings":{"bulkable":true,"filterable":true,"searchable":true,"pageSize":10,"mainField":"action","defaultSortBy":"action","defaultSortOrder":"ASC"},"metadatas":{"id":{"edit":{},"list":{"label":"id","searchable":true,"sortable":true}},"action":{"edit":{"label":"action","description":"","placeholder":"","visible":true,"editable":true},"list":{"label":"action","searchable":true,"sortable":true}},"actionParameters":{"edit":{"label":"actionParameters","description":"","placeholder":"","visible":true,"editable":true},"list":{"label":"actionParameters","searchable":false,"sortable":false}},"subject":{"edit":{"label":"subject","description":"","placeholder":"","visible":true,"editable":true},"list":{"label":"subject","searchable":true,"sortable":true}},"properties":{"edit":{"label":"properties","description":"","placeholder":"","visible":true,"editable":true},"list":{"label":"properties","searchable":false,"sortable":false}},"conditions":{"edit":{"label":"conditions","description":"","placeholder":"","visible":true,"editable":true},"list":{"label":"conditions","searchable":false,"sortable":false}},"role":{"edit":{"label":"role","description":"","placeholder":"","visible":true,"editable":true,"mainField":"name"},"list":{"label":"role","searchable":true,"sortable":true}},"createdAt":{"edit":{"label":"createdAt","description":"","placeholder":"","visible":false,"editable":true},"list":{"label":"createdAt","searchable":true,"sortable":true}},"updatedAt":{"edit":{"label":"updatedAt","description":"","placeholder":"","visible":false,"editable":true},"list":{"label":"updatedAt","searchable":true,"sortable":true}},"createdBy":{"edit":{"label":"createdBy","description":"","placeholder":"","visible":false,"editable":true,"mainField":"firstname"},"list":{"label":"createdBy","searchable":true,"sortable":true}},"updatedBy":{"edit":{"label":"updatedBy","description":"","placeholder":"","visible":false,"editable":true,"mainField":"firstname"},"list":{"label":"updatedBy","searchable":true,"sortable":true}}},"layouts":{"list":["id","action","subject","role"],"edit":[[{"name":"action","size":6}],[{"name":"actionParameters","size":12}],[{"name":"subject","size":6}],[{"name":"properties","size":12}],[{"name":"conditions","size":12}],[{"name":"role","size":6}]]},"uid":"admin::permission"}	object	\N	\N
3	plugin_content_manager_configuration_content_types::admin::role	{"settings":{"bulkable":true,"filterable":true,"searchable":true,"pageSize":10,"mainField":"name","defaultSortBy":"name","defaultSortOrder":"ASC"},"metadatas":{"id":{"edit":{},"list":{"label":"id","searchable":true,"sortable":true}},"name":{"edit":{"label":"name","description":"","placeholder":"","visible":true,"editable":true},"list":{"label":"name","searchable":true,"sortable":true}},"code":{"edit":{"label":"code","description":"","placeholder":"","visible":true,"editable":true},"list":{"label":"code","searchable":true,"sortable":true}},"description":{"edit":{"label":"description","description":"","placeholder":"","visible":true,"editable":true},"list":{"label":"description","searchable":true,"sortable":true}},"users":{"edit":{"label":"users","description":"","placeholder":"","visible":true,"editable":true,"mainField":"firstname"},"list":{"label":"users","searchable":false,"sortable":false}},"permissions":{"edit":{"label":"permissions","description":"","placeholder":"","visible":true,"editable":true,"mainField":"action"},"list":{"label":"permissions","searchable":false,"sortable":false}},"createdAt":{"edit":{"label":"createdAt","description":"","placeholder":"","visible":false,"editable":true},"list":{"label":"createdAt","searchable":true,"sortable":true}},"updatedAt":{"edit":{"label":"updatedAt","description":"","placeholder":"","visible":false,"editable":true},"list":{"label":"updatedAt","searchable":true,"sortable":true}},"createdBy":{"edit":{"label":"createdBy","description":"","placeholder":"","visible":false,"editable":true,"mainField":"firstname"},"list":{"label":"createdBy","searchable":true,"sortable":true}},"updatedBy":{"edit":{"label":"updatedBy","description":"","placeholder":"","visible":false,"editable":true,"mainField":"firstname"},"list":{"label":"updatedBy","searchable":true,"sortable":true}}},"layouts":{"list":["id","name","code","description"],"edit":[[{"name":"name","size":6},{"name":"code","size":6}],[{"name":"description","size":6},{"name":"users","size":6}],[{"name":"permissions","size":6}]]},"uid":"admin::role"}	object	\N	\N
4	plugin_content_manager_configuration_content_types::admin::api-token	{"settings":{"bulkable":true,"filterable":true,"searchable":true,"pageSize":10,"mainField":"name","defaultSortBy":"name","defaultSortOrder":"ASC"},"metadatas":{"id":{"edit":{},"list":{"label":"id","searchable":true,"sortable":true}},"name":{"edit":{"label":"name","description":"","placeholder":"","visible":true,"editable":true},"list":{"label":"name","searchable":true,"sortable":true}},"description":{"edit":{"label":"description","description":"","placeholder":"","visible":true,"editable":true},"list":{"label":"description","searchable":true,"sortable":true}},"type":{"edit":{"label":"type","description":"","placeholder":"","visible":true,"editable":true},"list":{"label":"type","searchable":true,"sortable":true}},"accessKey":{"edit":{"label":"accessKey","description":"","placeholder":"","visible":true,"editable":true},"list":{"label":"accessKey","searchable":true,"sortable":true}},"lastUsedAt":{"edit":{"label":"lastUsedAt","description":"","placeholder":"","visible":true,"editable":true},"list":{"label":"lastUsedAt","searchable":true,"sortable":true}},"permissions":{"edit":{"label":"permissions","description":"","placeholder":"","visible":true,"editable":true,"mainField":"action"},"list":{"label":"permissions","searchable":false,"sortable":false}},"expiresAt":{"edit":{"label":"expiresAt","description":"","placeholder":"","visible":true,"editable":true},"list":{"label":"expiresAt","searchable":true,"sortable":true}},"lifespan":{"edit":{"label":"lifespan","description":"","placeholder":"","visible":true,"editable":true},"list":{"label":"lifespan","searchable":true,"sortable":true}},"createdAt":{"edit":{"label":"createdAt","description":"","placeholder":"","visible":false,"editable":true},"list":{"label":"createdAt","searchable":true,"sortable":true}},"updatedAt":{"edit":{"label":"updatedAt","description":"","placeholder":"","visible":false,"editable":true},"list":{"label":"updatedAt","searchable":true,"sortable":true}},"createdBy":{"edit":{"label":"createdBy","description":"","placeholder":"","visible":false,"editable":true,"mainField":"firstname"},"list":{"label":"createdBy","searchable":true,"sortable":true}},"updatedBy":{"edit":{"label":"updatedBy","description":"","placeholder":"","visible":false,"editable":true,"mainField":"firstname"},"list":{"label":"updatedBy","searchable":true,"sortable":true}}},"layouts":{"list":["id","name","description","type"],"edit":[[{"name":"name","size":6},{"name":"description","size":6}],[{"name":"type","size":6},{"name":"accessKey","size":6}],[{"name":"lastUsedAt","size":6},{"name":"permissions","size":6}],[{"name":"expiresAt","size":6},{"name":"lifespan","size":4}]]},"uid":"admin::api-token"}	object	\N	\N
5	plugin_content_manager_configuration_content_types::admin::api-token-permission	{"settings":{"bulkable":true,"filterable":true,"searchable":true,"pageSize":10,"mainField":"action","defaultSortBy":"action","defaultSortOrder":"ASC"},"metadatas":{"id":{"edit":{},"list":{"label":"id","searchable":true,"sortable":true}},"action":{"edit":{"label":"action","description":"","placeholder":"","visible":true,"editable":true},"list":{"label":"action","searchable":true,"sortable":true}},"token":{"edit":{"label":"token","description":"","placeholder":"","visible":true,"editable":true,"mainField":"name"},"list":{"label":"token","searchable":true,"sortable":true}},"createdAt":{"edit":{"label":"createdAt","description":"","placeholder":"","visible":false,"editable":true},"list":{"label":"createdAt","searchable":true,"sortable":true}},"updatedAt":{"edit":{"label":"updatedAt","description":"","placeholder":"","visible":false,"editable":true},"list":{"label":"updatedAt","searchable":true,"sortable":true}},"createdBy":{"edit":{"label":"createdBy","description":"","placeholder":"","visible":false,"editable":true,"mainField":"firstname"},"list":{"label":"createdBy","searchable":true,"sortable":true}},"updatedBy":{"edit":{"label":"updatedBy","description":"","placeholder":"","visible":false,"editable":true,"mainField":"firstname"},"list":{"label":"updatedBy","searchable":true,"sortable":true}}},"layouts":{"list":["id","action","token","createdAt"],"edit":[[{"name":"action","size":6},{"name":"token","size":6}]]},"uid":"admin::api-token-permission"}	object	\N	\N
6	plugin_content_manager_configuration_content_types::admin::transfer-token	{"settings":{"bulkable":true,"filterable":true,"searchable":true,"pageSize":10,"mainField":"name","defaultSortBy":"name","defaultSortOrder":"ASC"},"metadatas":{"id":{"edit":{},"list":{"label":"id","searchable":true,"sortable":true}},"name":{"edit":{"label":"name","description":"","placeholder":"","visible":true,"editable":true},"list":{"label":"name","searchable":true,"sortable":true}},"description":{"edit":{"label":"description","description":"","placeholder":"","visible":true,"editable":true},"list":{"label":"description","searchable":true,"sortable":true}},"accessKey":{"edit":{"label":"accessKey","description":"","placeholder":"","visible":true,"editable":true},"list":{"label":"accessKey","searchable":true,"sortable":true}},"lastUsedAt":{"edit":{"label":"lastUsedAt","description":"","placeholder":"","visible":true,"editable":true},"list":{"label":"lastUsedAt","searchable":true,"sortable":true}},"permissions":{"edit":{"label":"permissions","description":"","placeholder":"","visible":true,"editable":true,"mainField":"action"},"list":{"label":"permissions","searchable":false,"sortable":false}},"expiresAt":{"edit":{"label":"expiresAt","description":"","placeholder":"","visible":true,"editable":true},"list":{"label":"expiresAt","searchable":true,"sortable":true}},"lifespan":{"edit":{"label":"lifespan","description":"","placeholder":"","visible":true,"editable":true},"list":{"label":"lifespan","searchable":true,"sortable":true}},"createdAt":{"edit":{"label":"createdAt","description":"","placeholder":"","visible":false,"editable":true},"list":{"label":"createdAt","searchable":true,"sortable":true}},"updatedAt":{"edit":{"label":"updatedAt","description":"","placeholder":"","visible":false,"editable":true},"list":{"label":"updatedAt","searchable":true,"sortable":true}},"createdBy":{"edit":{"label":"createdBy","description":"","placeholder":"","visible":false,"editable":true,"mainField":"firstname"},"list":{"label":"createdBy","searchable":true,"sortable":true}},"updatedBy":{"edit":{"label":"updatedBy","description":"","placeholder":"","visible":false,"editable":true,"mainField":"firstname"},"list":{"label":"updatedBy","searchable":true,"sortable":true}}},"layouts":{"list":["id","name","description","accessKey"],"edit":[[{"name":"name","size":6},{"name":"description","size":6}],[{"name":"accessKey","size":6},{"name":"lastUsedAt","size":6}],[{"name":"permissions","size":6},{"name":"expiresAt","size":6}],[{"name":"lifespan","size":4}]]},"uid":"admin::transfer-token"}	object	\N	\N
7	plugin_content_manager_configuration_content_types::admin::transfer-token-permission	{"settings":{"bulkable":true,"filterable":true,"searchable":true,"pageSize":10,"mainField":"action","defaultSortBy":"action","defaultSortOrder":"ASC"},"metadatas":{"id":{"edit":{},"list":{"label":"id","searchable":true,"sortable":true}},"action":{"edit":{"label":"action","description":"","placeholder":"","visible":true,"editable":true},"list":{"label":"action","searchable":true,"sortable":true}},"token":{"edit":{"label":"token","description":"","placeholder":"","visible":true,"editable":true,"mainField":"name"},"list":{"label":"token","searchable":true,"sortable":true}},"createdAt":{"edit":{"label":"createdAt","description":"","placeholder":"","visible":false,"editable":true},"list":{"label":"createdAt","searchable":true,"sortable":true}},"updatedAt":{"edit":{"label":"updatedAt","description":"","placeholder":"","visible":false,"editable":true},"list":{"label":"updatedAt","searchable":true,"sortable":true}},"createdBy":{"edit":{"label":"createdBy","description":"","placeholder":"","visible":false,"editable":true,"mainField":"firstname"},"list":{"label":"createdBy","searchable":true,"sortable":true}},"updatedBy":{"edit":{"label":"updatedBy","description":"","placeholder":"","visible":false,"editable":true,"mainField":"firstname"},"list":{"label":"updatedBy","searchable":true,"sortable":true}}},"layouts":{"list":["id","action","token","createdAt"],"edit":[[{"name":"action","size":6},{"name":"token","size":6}]]},"uid":"admin::transfer-token-permission"}	object	\N	\N
9	plugin_content_manager_configuration_content_types::plugin::upload.folder	{"settings":{"bulkable":true,"filterable":true,"searchable":true,"pageSize":10,"mainField":"name","defaultSortBy":"name","defaultSortOrder":"ASC"},"metadatas":{"id":{"edit":{},"list":{"label":"id","searchable":true,"sortable":true}},"name":{"edit":{"label":"name","description":"","placeholder":"","visible":true,"editable":true},"list":{"label":"name","searchable":true,"sortable":true}},"pathId":{"edit":{"label":"pathId","description":"","placeholder":"","visible":true,"editable":true},"list":{"label":"pathId","searchable":true,"sortable":true}},"parent":{"edit":{"label":"parent","description":"","placeholder":"","visible":true,"editable":true,"mainField":"name"},"list":{"label":"parent","searchable":true,"sortable":true}},"children":{"edit":{"label":"children","description":"","placeholder":"","visible":true,"editable":true,"mainField":"name"},"list":{"label":"children","searchable":false,"sortable":false}},"files":{"edit":{"label":"files","description":"","placeholder":"","visible":true,"editable":true,"mainField":"name"},"list":{"label":"files","searchable":false,"sortable":false}},"path":{"edit":{"label":"path","description":"","placeholder":"","visible":true,"editable":true},"list":{"label":"path","searchable":true,"sortable":true}},"createdAt":{"edit":{"label":"createdAt","description":"","placeholder":"","visible":false,"editable":true},"list":{"label":"createdAt","searchable":true,"sortable":true}},"updatedAt":{"edit":{"label":"updatedAt","description":"","placeholder":"","visible":false,"editable":true},"list":{"label":"updatedAt","searchable":true,"sortable":true}},"createdBy":{"edit":{"label":"createdBy","description":"","placeholder":"","visible":false,"editable":true,"mainField":"firstname"},"list":{"label":"createdBy","searchable":true,"sortable":true}},"updatedBy":{"edit":{"label":"updatedBy","description":"","placeholder":"","visible":false,"editable":true,"mainField":"firstname"},"list":{"label":"updatedBy","searchable":true,"sortable":true}}},"layouts":{"list":["id","name","pathId","parent"],"edit":[[{"name":"name","size":6},{"name":"pathId","size":4}],[{"name":"parent","size":6},{"name":"children","size":6}],[{"name":"files","size":6},{"name":"path","size":6}]]},"uid":"plugin::upload.folder"}	object	\N	\N
8	plugin_content_manager_configuration_content_types::plugin::upload.file	{"settings":{"bulkable":true,"filterable":true,"searchable":true,"pageSize":10,"mainField":"name","defaultSortBy":"name","defaultSortOrder":"ASC"},"metadatas":{"id":{"edit":{},"list":{"label":"id","searchable":true,"sortable":true}},"name":{"edit":{"label":"name","description":"","placeholder":"","visible":true,"editable":true},"list":{"label":"name","searchable":true,"sortable":true}},"alternativeText":{"edit":{"label":"alternativeText","description":"","placeholder":"","visible":true,"editable":true},"list":{"label":"alternativeText","searchable":true,"sortable":true}},"caption":{"edit":{"label":"caption","description":"","placeholder":"","visible":true,"editable":true},"list":{"label":"caption","searchable":true,"sortable":true}},"width":{"edit":{"label":"width","description":"","placeholder":"","visible":true,"editable":true},"list":{"label":"width","searchable":true,"sortable":true}},"height":{"edit":{"label":"height","description":"","placeholder":"","visible":true,"editable":true},"list":{"label":"height","searchable":true,"sortable":true}},"formats":{"edit":{"label":"formats","description":"","placeholder":"","visible":true,"editable":true},"list":{"label":"formats","searchable":false,"sortable":false}},"hash":{"edit":{"label":"hash","description":"","placeholder":"","visible":true,"editable":true},"list":{"label":"hash","searchable":true,"sortable":true}},"ext":{"edit":{"label":"ext","description":"","placeholder":"","visible":true,"editable":true},"list":{"label":"ext","searchable":true,"sortable":true}},"mime":{"edit":{"label":"mime","description":"","placeholder":"","visible":true,"editable":true},"list":{"label":"mime","searchable":true,"sortable":true}},"size":{"edit":{"label":"size","description":"","placeholder":"","visible":true,"editable":true},"list":{"label":"size","searchable":true,"sortable":true}},"url":{"edit":{"label":"url","description":"","placeholder":"","visible":true,"editable":true},"list":{"label":"url","searchable":true,"sortable":true}},"previewUrl":{"edit":{"label":"previewUrl","description":"","placeholder":"","visible":true,"editable":true},"list":{"label":"previewUrl","searchable":true,"sortable":true}},"provider":{"edit":{"label":"provider","description":"","placeholder":"","visible":true,"editable":true},"list":{"label":"provider","searchable":true,"sortable":true}},"provider_metadata":{"edit":{"label":"provider_metadata","description":"","placeholder":"","visible":true,"editable":true},"list":{"label":"provider_metadata","searchable":false,"sortable":false}},"folder":{"edit":{"label":"folder","description":"","placeholder":"","visible":true,"editable":true,"mainField":"name"},"list":{"label":"folder","searchable":true,"sortable":true}},"folderPath":{"edit":{"label":"folderPath","description":"","placeholder":"","visible":true,"editable":true},"list":{"label":"folderPath","searchable":true,"sortable":true}},"createdAt":{"edit":{"label":"createdAt","description":"","placeholder":"","visible":false,"editable":true},"list":{"label":"createdAt","searchable":true,"sortable":true}},"updatedAt":{"edit":{"label":"updatedAt","description":"","placeholder":"","visible":false,"editable":true},"list":{"label":"updatedAt","searchable":true,"sortable":true}},"createdBy":{"edit":{"label":"createdBy","description":"","placeholder":"","visible":false,"editable":true,"mainField":"firstname"},"list":{"label":"createdBy","searchable":true,"sortable":true}},"updatedBy":{"edit":{"label":"updatedBy","description":"","placeholder":"","visible":false,"editable":true,"mainField":"firstname"},"list":{"label":"updatedBy","searchable":true,"sortable":true}}},"layouts":{"list":["id","name","alternativeText","caption"],"edit":[[{"name":"name","size":6},{"name":"alternativeText","size":6}],[{"name":"caption","size":6},{"name":"width","size":4}],[{"name":"height","size":4}],[{"name":"formats","size":12}],[{"name":"hash","size":6},{"name":"ext","size":6}],[{"name":"mime","size":6},{"name":"size","size":4}],[{"name":"url","size":6},{"name":"previewUrl","size":6}],[{"name":"provider","size":6}],[{"name":"provider_metadata","size":12}],[{"name":"folder","size":6},{"name":"folderPath","size":6}]]},"uid":"plugin::upload.file"}	object	\N	\N
1	strapi_content_types_schema	{"admin::permission":{"collectionName":"admin_permissions","info":{"name":"Permission","description":"","singularName":"permission","pluralName":"permissions","displayName":"Permission"},"options":{},"pluginOptions":{"content-manager":{"visible":false},"content-type-builder":{"visible":false}},"attributes":{"action":{"type":"string","minLength":1,"configurable":false,"required":true},"actionParameters":{"type":"json","configurable":false,"required":false,"default":{}},"subject":{"type":"string","minLength":1,"configurable":false,"required":false},"properties":{"type":"json","configurable":false,"required":false,"default":{}},"conditions":{"type":"json","configurable":false,"required":false,"default":[]},"role":{"configurable":false,"type":"relation","relation":"manyToOne","inversedBy":"permissions","target":"admin::role"},"createdAt":{"type":"datetime"},"updatedAt":{"type":"datetime"},"createdBy":{"type":"relation","relation":"oneToOne","target":"admin::user","configurable":false,"writable":false,"visible":false,"useJoinTable":false,"private":true},"updatedBy":{"type":"relation","relation":"oneToOne","target":"admin::user","configurable":false,"writable":false,"visible":false,"useJoinTable":false,"private":true}},"kind":"collectionType","__schema__":{"collectionName":"admin_permissions","info":{"name":"Permission","description":"","singularName":"permission","pluralName":"permissions","displayName":"Permission"},"options":{},"pluginOptions":{"content-manager":{"visible":false},"content-type-builder":{"visible":false}},"attributes":{"action":{"type":"string","minLength":1,"configurable":false,"required":true},"actionParameters":{"type":"json","configurable":false,"required":false,"default":{}},"subject":{"type":"string","minLength":1,"configurable":false,"required":false},"properties":{"type":"json","configurable":false,"required":false,"default":{}},"conditions":{"type":"json","configurable":false,"required":false,"default":[]},"role":{"configurable":false,"type":"relation","relation":"manyToOne","inversedBy":"permissions","target":"admin::role"}},"kind":"collectionType"},"modelType":"contentType","modelName":"permission","connection":"default","uid":"admin::permission","plugin":"admin","globalId":"AdminPermission"},"admin::user":{"collectionName":"admin_users","info":{"name":"User","description":"","singularName":"user","pluralName":"users","displayName":"User"},"pluginOptions":{"content-manager":{"visible":false},"content-type-builder":{"visible":false}},"attributes":{"firstname":{"type":"string","unique":false,"minLength":1,"configurable":false,"required":false},"lastname":{"type":"string","unique":false,"minLength":1,"configurable":false,"required":false},"username":{"type":"string","unique":false,"configurable":false,"required":false},"email":{"type":"email","minLength":6,"configurable":false,"required":true,"unique":true,"private":true},"password":{"type":"password","minLength":6,"configurable":false,"required":false,"private":true,"searchable":false},"resetPasswordToken":{"type":"string","configurable":false,"private":true,"searchable":false},"registrationToken":{"type":"string","configurable":false,"private":true,"searchable":false},"isActive":{"type":"boolean","default":false,"configurable":false,"private":true},"roles":{"configurable":false,"private":true,"type":"relation","relation":"manyToMany","inversedBy":"users","target":"admin::role","collectionName":"strapi_users_roles"},"blocked":{"type":"boolean","default":false,"configurable":false,"private":true},"preferedLanguage":{"type":"string","configurable":false,"required":false,"searchable":false},"createdAt":{"type":"datetime"},"updatedAt":{"type":"datetime"},"createdBy":{"type":"relation","relation":"oneToOne","target":"admin::user","configurable":false,"writable":false,"visible":false,"useJoinTable":false,"private":true},"updatedBy":{"type":"relation","relation":"oneToOne","target":"admin::user","configurable":false,"writable":false,"visible":false,"useJoinTable":false,"private":true}},"config":{"attributes":{"resetPasswordToken":{"hidden":true},"registrationToken":{"hidden":true}}},"kind":"collectionType","__schema__":{"collectionName":"admin_users","info":{"name":"User","description":"","singularName":"user","pluralName":"users","displayName":"User"},"pluginOptions":{"content-manager":{"visible":false},"content-type-builder":{"visible":false}},"attributes":{"firstname":{"type":"string","unique":false,"minLength":1,"configurable":false,"required":false},"lastname":{"type":"string","unique":false,"minLength":1,"configurable":false,"required":false},"username":{"type":"string","unique":false,"configurable":false,"required":false},"email":{"type":"email","minLength":6,"configurable":false,"required":true,"unique":true,"private":true},"password":{"type":"password","minLength":6,"configurable":false,"required":false,"private":true,"searchable":false},"resetPasswordToken":{"type":"string","configurable":false,"private":true,"searchable":false},"registrationToken":{"type":"string","configurable":false,"private":true,"searchable":false},"isActive":{"type":"boolean","default":false,"configurable":false,"private":true},"roles":{"configurable":false,"private":true,"type":"relation","relation":"manyToMany","inversedBy":"users","target":"admin::role","collectionName":"strapi_users_roles"},"blocked":{"type":"boolean","default":false,"configurable":false,"private":true},"preferedLanguage":{"type":"string","configurable":false,"required":false,"searchable":false}},"kind":"collectionType"},"modelType":"contentType","modelName":"user","connection":"default","uid":"admin::user","plugin":"admin","globalId":"AdminUser"},"admin::role":{"collectionName":"admin_roles","info":{"name":"Role","description":"","singularName":"role","pluralName":"roles","displayName":"Role"},"options":{},"pluginOptions":{"content-manager":{"visible":false},"content-type-builder":{"visible":false}},"attributes":{"name":{"type":"string","minLength":1,"unique":true,"configurable":false,"required":true},"code":{"type":"string","minLength":1,"unique":true,"configurable":false,"required":true},"description":{"type":"string","configurable":false},"users":{"configurable":false,"type":"relation","relation":"manyToMany","mappedBy":"roles","target":"admin::user"},"permissions":{"configurable":false,"type":"relation","relation":"oneToMany","mappedBy":"role","target":"admin::permission"},"createdAt":{"type":"datetime"},"updatedAt":{"type":"datetime"},"createdBy":{"type":"relation","relation":"oneToOne","target":"admin::user","configurable":false,"writable":false,"visible":false,"useJoinTable":false,"private":true},"updatedBy":{"type":"relation","relation":"oneToOne","target":"admin::user","configurable":false,"writable":false,"visible":false,"useJoinTable":false,"private":true}},"kind":"collectionType","__schema__":{"collectionName":"admin_roles","info":{"name":"Role","description":"","singularName":"role","pluralName":"roles","displayName":"Role"},"options":{},"pluginOptions":{"content-manager":{"visible":false},"content-type-builder":{"visible":false}},"attributes":{"name":{"type":"string","minLength":1,"unique":true,"configurable":false,"required":true},"code":{"type":"string","minLength":1,"unique":true,"configurable":false,"required":true},"description":{"type":"string","configurable":false},"users":{"configurable":false,"type":"relation","relation":"manyToMany","mappedBy":"roles","target":"admin::user"},"permissions":{"configurable":false,"type":"relation","relation":"oneToMany","mappedBy":"role","target":"admin::permission"}},"kind":"collectionType"},"modelType":"contentType","modelName":"role","connection":"default","uid":"admin::role","plugin":"admin","globalId":"AdminRole"},"admin::api-token":{"collectionName":"strapi_api_tokens","info":{"name":"Api Token","singularName":"api-token","pluralName":"api-tokens","displayName":"Api Token","description":""},"options":{},"pluginOptions":{"content-manager":{"visible":false},"content-type-builder":{"visible":false}},"attributes":{"name":{"type":"string","minLength":1,"configurable":false,"required":true,"unique":true},"description":{"type":"string","minLength":1,"configurable":false,"required":false,"default":""},"type":{"type":"enumeration","enum":["read-only","full-access","custom"],"configurable":false,"required":true,"default":"read-only"},"accessKey":{"type":"string","minLength":1,"configurable":false,"required":true,"searchable":false},"lastUsedAt":{"type":"datetime","configurable":false,"required":false},"permissions":{"type":"relation","target":"admin::api-token-permission","relation":"oneToMany","mappedBy":"token","configurable":false,"required":false},"expiresAt":{"type":"datetime","configurable":false,"required":false},"lifespan":{"type":"biginteger","configurable":false,"required":false},"createdAt":{"type":"datetime"},"updatedAt":{"type":"datetime"},"createdBy":{"type":"relation","relation":"oneToOne","target":"admin::user","configurable":false,"writable":false,"visible":false,"useJoinTable":false,"private":true},"updatedBy":{"type":"relation","relation":"oneToOne","target":"admin::user","configurable":false,"writable":false,"visible":false,"useJoinTable":false,"private":true}},"kind":"collectionType","__schema__":{"collectionName":"strapi_api_tokens","info":{"name":"Api Token","singularName":"api-token","pluralName":"api-tokens","displayName":"Api Token","description":""},"options":{},"pluginOptions":{"content-manager":{"visible":false},"content-type-builder":{"visible":false}},"attributes":{"name":{"type":"string","minLength":1,"configurable":false,"required":true,"unique":true},"description":{"type":"string","minLength":1,"configurable":false,"required":false,"default":""},"type":{"type":"enumeration","enum":["read-only","full-access","custom"],"configurable":false,"required":true,"default":"read-only"},"accessKey":{"type":"string","minLength":1,"configurable":false,"required":true,"searchable":false},"lastUsedAt":{"type":"datetime","configurable":false,"required":false},"permissions":{"type":"relation","target":"admin::api-token-permission","relation":"oneToMany","mappedBy":"token","configurable":false,"required":false},"expiresAt":{"type":"datetime","configurable":false,"required":false},"lifespan":{"type":"biginteger","configurable":false,"required":false}},"kind":"collectionType"},"modelType":"contentType","modelName":"api-token","connection":"default","uid":"admin::api-token","plugin":"admin","globalId":"AdminApiToken"},"admin::api-token-permission":{"collectionName":"strapi_api_token_permissions","info":{"name":"API Token Permission","description":"","singularName":"api-token-permission","pluralName":"api-token-permissions","displayName":"API Token Permission"},"options":{},"pluginOptions":{"content-manager":{"visible":false},"content-type-builder":{"visible":false}},"attributes":{"action":{"type":"string","minLength":1,"configurable":false,"required":true},"token":{"configurable":false,"type":"relation","relation":"manyToOne","inversedBy":"permissions","target":"admin::api-token"},"createdAt":{"type":"datetime"},"updatedAt":{"type":"datetime"},"createdBy":{"type":"relation","relation":"oneToOne","target":"admin::user","configurable":false,"writable":false,"visible":false,"useJoinTable":false,"private":true},"updatedBy":{"type":"relation","relation":"oneToOne","target":"admin::user","configurable":false,"writable":false,"visible":false,"useJoinTable":false,"private":true}},"kind":"collectionType","__schema__":{"collectionName":"strapi_api_token_permissions","info":{"name":"API Token Permission","description":"","singularName":"api-token-permission","pluralName":"api-token-permissions","displayName":"API Token Permission"},"options":{},"pluginOptions":{"content-manager":{"visible":false},"content-type-builder":{"visible":false}},"attributes":{"action":{"type":"string","minLength":1,"configurable":false,"required":true},"token":{"configurable":false,"type":"relation","relation":"manyToOne","inversedBy":"permissions","target":"admin::api-token"}},"kind":"collectionType"},"modelType":"contentType","modelName":"api-token-permission","connection":"default","uid":"admin::api-token-permission","plugin":"admin","globalId":"AdminApiTokenPermission"},"admin::transfer-token":{"collectionName":"strapi_transfer_tokens","info":{"name":"Transfer Token","singularName":"transfer-token","pluralName":"transfer-tokens","displayName":"Transfer Token","description":""},"options":{},"pluginOptions":{"content-manager":{"visible":false},"content-type-builder":{"visible":false}},"attributes":{"name":{"type":"string","minLength":1,"configurable":false,"required":true,"unique":true},"description":{"type":"string","minLength":1,"configurable":false,"required":false,"default":""},"accessKey":{"type":"string","minLength":1,"configurable":false,"required":true},"lastUsedAt":{"type":"datetime","configurable":false,"required":false},"permissions":{"type":"relation","target":"admin::transfer-token-permission","relation":"oneToMany","mappedBy":"token","configurable":false,"required":false},"expiresAt":{"type":"datetime","configurable":false,"required":false},"lifespan":{"type":"biginteger","configurable":false,"required":false},"createdAt":{"type":"datetime"},"updatedAt":{"type":"datetime"},"createdBy":{"type":"relation","relation":"oneToOne","target":"admin::user","configurable":false,"writable":false,"visible":false,"useJoinTable":false,"private":true},"updatedBy":{"type":"relation","relation":"oneToOne","target":"admin::user","configurable":false,"writable":false,"visible":false,"useJoinTable":false,"private":true}},"kind":"collectionType","__schema__":{"collectionName":"strapi_transfer_tokens","info":{"name":"Transfer Token","singularName":"transfer-token","pluralName":"transfer-tokens","displayName":"Transfer Token","description":""},"options":{},"pluginOptions":{"content-manager":{"visible":false},"content-type-builder":{"visible":false}},"attributes":{"name":{"type":"string","minLength":1,"configurable":false,"required":true,"unique":true},"description":{"type":"string","minLength":1,"configurable":false,"required":false,"default":""},"accessKey":{"type":"string","minLength":1,"configurable":false,"required":true},"lastUsedAt":{"type":"datetime","configurable":false,"required":false},"permissions":{"type":"relation","target":"admin::transfer-token-permission","relation":"oneToMany","mappedBy":"token","configurable":false,"required":false},"expiresAt":{"type":"datetime","configurable":false,"required":false},"lifespan":{"type":"biginteger","configurable":false,"required":false}},"kind":"collectionType"},"modelType":"contentType","modelName":"transfer-token","connection":"default","uid":"admin::transfer-token","plugin":"admin","globalId":"AdminTransferToken"},"admin::transfer-token-permission":{"collectionName":"strapi_transfer_token_permissions","info":{"name":"Transfer Token Permission","description":"","singularName":"transfer-token-permission","pluralName":"transfer-token-permissions","displayName":"Transfer Token Permission"},"options":{},"pluginOptions":{"content-manager":{"visible":false},"content-type-builder":{"visible":false}},"attributes":{"action":{"type":"string","minLength":1,"configurable":false,"required":true},"token":{"configurable":false,"type":"relation","relation":"manyToOne","inversedBy":"permissions","target":"admin::transfer-token"},"createdAt":{"type":"datetime"},"updatedAt":{"type":"datetime"},"createdBy":{"type":"relation","relation":"oneToOne","target":"admin::user","configurable":false,"writable":false,"visible":false,"useJoinTable":false,"private":true},"updatedBy":{"type":"relation","relation":"oneToOne","target":"admin::user","configurable":false,"writable":false,"visible":false,"useJoinTable":false,"private":true}},"kind":"collectionType","__schema__":{"collectionName":"strapi_transfer_token_permissions","info":{"name":"Transfer Token Permission","description":"","singularName":"transfer-token-permission","pluralName":"transfer-token-permissions","displayName":"Transfer Token Permission"},"options":{},"pluginOptions":{"content-manager":{"visible":false},"content-type-builder":{"visible":false}},"attributes":{"action":{"type":"string","minLength":1,"configurable":false,"required":true},"token":{"configurable":false,"type":"relation","relation":"manyToOne","inversedBy":"permissions","target":"admin::transfer-token"}},"kind":"collectionType"},"modelType":"contentType","modelName":"transfer-token-permission","connection":"default","uid":"admin::transfer-token-permission","plugin":"admin","globalId":"AdminTransferTokenPermission"},"api::localization.localization":{"kind":"singleType","collectionName":"localizations","info":{"singularName":"localization","pluralName":"localizations","displayName":"Localization"},"options":{"draftAndPublish":false},"pluginOptions":{"i18n":{"localized":true}},"attributes":{"main":{"pluginOptions":{"i18n":{"localized":true}},"type":"json","required":true},"createdAt":{"type":"datetime"},"updatedAt":{"type":"datetime"},"createdBy":{"type":"relation","relation":"oneToOne","target":"admin::user","configurable":false,"writable":false,"visible":false,"useJoinTable":false,"private":true},"updatedBy":{"type":"relation","relation":"oneToOne","target":"admin::user","configurable":false,"writable":false,"visible":false,"useJoinTable":false,"private":true},"localizations":{"writable":true,"private":false,"configurable":false,"visible":false,"type":"relation","relation":"oneToMany","target":"api::localization.localization"},"locale":{"writable":true,"private":false,"configurable":false,"visible":false,"type":"string"}},"__schema__":{"collectionName":"localizations","info":{"singularName":"localization","pluralName":"localizations","displayName":"Localization"},"options":{"draftAndPublish":false},"pluginOptions":{"i18n":{"localized":true}},"attributes":{"main":{"pluginOptions":{"i18n":{"localized":true}},"type":"json","required":true}},"kind":"singleType"},"modelType":"contentType","modelName":"localization","connection":"default","uid":"api::localization.localization","apiName":"localization","globalId":"Localization","actions":{},"lifecycles":{}},"api::page.page":{"kind":"collectionType","collectionName":"pages","info":{"singularName":"page","pluralName":"pages","displayName":"Page","description":""},"options":{"draftAndPublish":true},"pluginOptions":{"i18n":{"localized":true}},"attributes":{"internalName":{"pluginOptions":{"i18n":{"localized":true}},"type":"string","required":true,"private":true},"type":{"pluginOptions":{"i18n":{"localized":true}},"type":"dynamiczone","components":["blocks.page-standart","blocks.page-blog"],"max":1,"min":1,"required":true},"blocks":{"pluginOptions":{"i18n":{"localized":true}},"type":"dynamiczone","components":["blocks.banner"],"required":true,"min":1},"seo":{"type":"component","repeatable":false,"pluginOptions":{"i18n":{"localized":true}},"component":"shared.seo","required":true},"createdAt":{"type":"datetime"},"updatedAt":{"type":"datetime"},"publishedAt":{"type":"datetime","configurable":false,"writable":true,"visible":false},"createdBy":{"type":"relation","relation":"oneToOne","target":"admin::user","configurable":false,"writable":false,"visible":false,"useJoinTable":false,"private":true},"updatedBy":{"type":"relation","relation":"oneToOne","target":"admin::user","configurable":false,"writable":false,"visible":false,"useJoinTable":false,"private":true},"localizations":{"writable":true,"private":false,"configurable":false,"visible":false,"type":"relation","relation":"oneToMany","target":"api::page.page"},"locale":{"writable":true,"private":false,"configurable":false,"visible":false,"type":"string"}},"__schema__":{"collectionName":"pages","info":{"singularName":"page","pluralName":"pages","displayName":"Page","description":""},"options":{"draftAndPublish":true},"pluginOptions":{"i18n":{"localized":true}},"attributes":{"internalName":{"pluginOptions":{"i18n":{"localized":true}},"type":"string","required":true,"private":true},"type":{"pluginOptions":{"i18n":{"localized":true}},"type":"dynamiczone","components":["blocks.page-standart","blocks.page-blog"],"max":1,"min":1,"required":true},"blocks":{"pluginOptions":{"i18n":{"localized":true}},"type":"dynamiczone","components":["blocks.banner"],"required":true,"min":1},"seo":{"type":"component","repeatable":false,"pluginOptions":{"i18n":{"localized":true}},"component":"shared.seo","required":true}},"kind":"collectionType"},"modelType":"contentType","modelName":"page","connection":"default","uid":"api::page.page","apiName":"page","globalId":"Page","actions":{},"lifecycles":{}},"plugin::upload.file":{"collectionName":"files","info":{"singularName":"file","pluralName":"files","displayName":"File","description":""},"options":{},"pluginOptions":{"content-manager":{"visible":false},"content-type-builder":{"visible":false}},"attributes":{"name":{"type":"string","configurable":false,"required":true},"alternativeText":{"type":"string","configurable":false},"caption":{"type":"string","configurable":false},"width":{"type":"integer","configurable":false},"height":{"type":"integer","configurable":false},"formats":{"type":"json","configurable":false},"hash":{"type":"string","configurable":false,"required":true},"ext":{"type":"string","configurable":false},"mime":{"type":"string","configurable":false,"required":true},"size":{"type":"decimal","configurable":false,"required":true},"url":{"type":"string","configurable":false,"required":true},"previewUrl":{"type":"string","configurable":false},"provider":{"type":"string","configurable":false,"required":true},"provider_metadata":{"type":"json","configurable":false},"related":{"type":"relation","relation":"morphToMany","configurable":false},"folder":{"type":"relation","relation":"manyToOne","target":"plugin::upload.folder","inversedBy":"files","private":true},"folderPath":{"type":"string","min":1,"required":true,"private":true,"searchable":false},"createdAt":{"type":"datetime"},"updatedAt":{"type":"datetime"},"createdBy":{"type":"relation","relation":"oneToOne","target":"admin::user","configurable":false,"writable":false,"visible":false,"useJoinTable":false,"private":true},"updatedBy":{"type":"relation","relation":"oneToOne","target":"admin::user","configurable":false,"writable":false,"visible":false,"useJoinTable":false,"private":true}},"indexes":[{"name":"upload_files_folder_path_index","columns":["folder_path"],"type":null},{"name":"upload_files_created_at_index","columns":["created_at"],"type":null},{"name":"upload_files_updated_at_index","columns":["updated_at"],"type":null},{"name":"upload_files_name_index","columns":["name"],"type":null},{"name":"upload_files_size_index","columns":["size"],"type":null},{"name":"upload_files_ext_index","columns":["ext"],"type":null}],"kind":"collectionType","__schema__":{"collectionName":"files","info":{"singularName":"file","pluralName":"files","displayName":"File","description":""},"options":{},"pluginOptions":{"content-manager":{"visible":false},"content-type-builder":{"visible":false}},"attributes":{"name":{"type":"string","configurable":false,"required":true},"alternativeText":{"type":"string","configurable":false},"caption":{"type":"string","configurable":false},"width":{"type":"integer","configurable":false},"height":{"type":"integer","configurable":false},"formats":{"type":"json","configurable":false},"hash":{"type":"string","configurable":false,"required":true},"ext":{"type":"string","configurable":false},"mime":{"type":"string","configurable":false,"required":true},"size":{"type":"decimal","configurable":false,"required":true},"url":{"type":"string","configurable":false,"required":true},"previewUrl":{"type":"string","configurable":false},"provider":{"type":"string","configurable":false,"required":true},"provider_metadata":{"type":"json","configurable":false},"related":{"type":"relation","relation":"morphToMany","configurable":false},"folder":{"type":"relation","relation":"manyToOne","target":"plugin::upload.folder","inversedBy":"files","private":true},"folderPath":{"type":"string","min":1,"required":true,"private":true,"searchable":false}},"kind":"collectionType"},"modelType":"contentType","modelName":"file","connection":"default","uid":"plugin::upload.file","plugin":"upload","globalId":"UploadFile"},"plugin::upload.folder":{"collectionName":"upload_folders","info":{"singularName":"folder","pluralName":"folders","displayName":"Folder"},"options":{},"pluginOptions":{"content-manager":{"visible":false},"content-type-builder":{"visible":false}},"attributes":{"name":{"type":"string","min":1,"required":true},"pathId":{"type":"integer","unique":true,"required":true},"parent":{"type":"relation","relation":"manyToOne","target":"plugin::upload.folder","inversedBy":"children"},"children":{"type":"relation","relation":"oneToMany","target":"plugin::upload.folder","mappedBy":"parent"},"files":{"type":"relation","relation":"oneToMany","target":"plugin::upload.file","mappedBy":"folder"},"path":{"type":"string","min":1,"required":true},"createdAt":{"type":"datetime"},"updatedAt":{"type":"datetime"},"createdBy":{"type":"relation","relation":"oneToOne","target":"admin::user","configurable":false,"writable":false,"visible":false,"useJoinTable":false,"private":true},"updatedBy":{"type":"relation","relation":"oneToOne","target":"admin::user","configurable":false,"writable":false,"visible":false,"useJoinTable":false,"private":true}},"indexes":[{"name":"upload_folders_path_id_index","columns":["path_id"],"type":"unique"},{"name":"upload_folders_path_index","columns":["path"],"type":"unique"}],"kind":"collectionType","__schema__":{"collectionName":"upload_folders","info":{"singularName":"folder","pluralName":"folders","displayName":"Folder"},"options":{},"pluginOptions":{"content-manager":{"visible":false},"content-type-builder":{"visible":false}},"attributes":{"name":{"type":"string","min":1,"required":true},"pathId":{"type":"integer","unique":true,"required":true},"parent":{"type":"relation","relation":"manyToOne","target":"plugin::upload.folder","inversedBy":"children"},"children":{"type":"relation","relation":"oneToMany","target":"plugin::upload.folder","mappedBy":"parent"},"files":{"type":"relation","relation":"oneToMany","target":"plugin::upload.file","mappedBy":"folder"},"path":{"type":"string","min":1,"required":true}},"kind":"collectionType"},"modelType":"contentType","modelName":"folder","connection":"default","uid":"plugin::upload.folder","plugin":"upload","globalId":"UploadFolder"},"plugin::content-releases.release":{"collectionName":"strapi_releases","info":{"singularName":"release","pluralName":"releases","displayName":"Release"},"options":{"draftAndPublish":false},"pluginOptions":{"content-manager":{"visible":false},"content-type-builder":{"visible":false}},"attributes":{"name":{"type":"string","required":true},"releasedAt":{"type":"datetime"},"scheduledAt":{"type":"datetime"},"timezone":{"type":"string"},"status":{"type":"enumeration","enum":["ready","blocked","failed","done","empty"],"required":true},"actions":{"type":"relation","relation":"oneToMany","target":"plugin::content-releases.release-action","mappedBy":"release"},"createdAt":{"type":"datetime"},"updatedAt":{"type":"datetime"},"createdBy":{"type":"relation","relation":"oneToOne","target":"admin::user","configurable":false,"writable":false,"visible":false,"useJoinTable":false,"private":true},"updatedBy":{"type":"relation","relation":"oneToOne","target":"admin::user","configurable":false,"writable":false,"visible":false,"useJoinTable":false,"private":true}},"kind":"collectionType","__schema__":{"collectionName":"strapi_releases","info":{"singularName":"release","pluralName":"releases","displayName":"Release"},"options":{"draftAndPublish":false},"pluginOptions":{"content-manager":{"visible":false},"content-type-builder":{"visible":false}},"attributes":{"name":{"type":"string","required":true},"releasedAt":{"type":"datetime"},"scheduledAt":{"type":"datetime"},"timezone":{"type":"string"},"status":{"type":"enumeration","enum":["ready","blocked","failed","done","empty"],"required":true},"actions":{"type":"relation","relation":"oneToMany","target":"plugin::content-releases.release-action","mappedBy":"release"}},"kind":"collectionType"},"modelType":"contentType","modelName":"release","connection":"default","uid":"plugin::content-releases.release","plugin":"content-releases","globalId":"ContentReleasesRelease"},"plugin::content-releases.release-action":{"collectionName":"strapi_release_actions","info":{"singularName":"release-action","pluralName":"release-actions","displayName":"Release Action"},"options":{"draftAndPublish":false},"pluginOptions":{"content-manager":{"visible":false},"content-type-builder":{"visible":false}},"attributes":{"type":{"type":"enumeration","enum":["publish","unpublish"],"required":true},"entry":{"type":"relation","relation":"morphToOne","configurable":false},"contentType":{"type":"string","required":true},"locale":{"type":"string"},"release":{"type":"relation","relation":"manyToOne","target":"plugin::content-releases.release","inversedBy":"actions"},"isEntryValid":{"type":"boolean"},"createdAt":{"type":"datetime"},"updatedAt":{"type":"datetime"},"createdBy":{"type":"relation","relation":"oneToOne","target":"admin::user","configurable":false,"writable":false,"visible":false,"useJoinTable":false,"private":true},"updatedBy":{"type":"relation","relation":"oneToOne","target":"admin::user","configurable":false,"writable":false,"visible":false,"useJoinTable":false,"private":true}},"kind":"collectionType","__schema__":{"collectionName":"strapi_release_actions","info":{"singularName":"release-action","pluralName":"release-actions","displayName":"Release Action"},"options":{"draftAndPublish":false},"pluginOptions":{"content-manager":{"visible":false},"content-type-builder":{"visible":false}},"attributes":{"type":{"type":"enumeration","enum":["publish","unpublish"],"required":true},"entry":{"type":"relation","relation":"morphToOne","configurable":false},"contentType":{"type":"string","required":true},"locale":{"type":"string"},"release":{"type":"relation","relation":"manyToOne","target":"plugin::content-releases.release","inversedBy":"actions"},"isEntryValid":{"type":"boolean"}},"kind":"collectionType"},"modelType":"contentType","modelName":"release-action","connection":"default","uid":"plugin::content-releases.release-action","plugin":"content-releases","globalId":"ContentReleasesReleaseAction"},"plugin::i18n.locale":{"info":{"singularName":"locale","pluralName":"locales","collectionName":"locales","displayName":"Locale","description":""},"options":{"draftAndPublish":false},"pluginOptions":{"content-manager":{"visible":false},"content-type-builder":{"visible":false}},"attributes":{"name":{"type":"string","min":1,"max":50,"configurable":false},"code":{"type":"string","unique":true,"configurable":false},"createdAt":{"type":"datetime"},"updatedAt":{"type":"datetime"},"createdBy":{"type":"relation","relation":"oneToOne","target":"admin::user","configurable":false,"writable":false,"visible":false,"useJoinTable":false,"private":true},"updatedBy":{"type":"relation","relation":"oneToOne","target":"admin::user","configurable":false,"writable":false,"visible":false,"useJoinTable":false,"private":true}},"kind":"collectionType","__schema__":{"info":{"singularName":"locale","pluralName":"locales","collectionName":"locales","displayName":"Locale","description":""},"options":{"draftAndPublish":false},"pluginOptions":{"content-manager":{"visible":false},"content-type-builder":{"visible":false}},"attributes":{"name":{"type":"string","min":1,"max":50,"configurable":false},"code":{"type":"string","unique":true,"configurable":false}},"kind":"collectionType"},"modelType":"contentType","modelName":"locale","connection":"default","uid":"plugin::i18n.locale","plugin":"i18n","collectionName":"i18n_locale","globalId":"I18NLocale"},"plugin::users-permissions.permission":{"collectionName":"up_permissions","info":{"name":"permission","description":"","singularName":"permission","pluralName":"permissions","displayName":"Permission"},"pluginOptions":{"content-manager":{"visible":false},"content-type-builder":{"visible":false}},"attributes":{"action":{"type":"string","required":true,"configurable":false},"role":{"type":"relation","relation":"manyToOne","target":"plugin::users-permissions.role","inversedBy":"permissions","configurable":false},"createdAt":{"type":"datetime"},"updatedAt":{"type":"datetime"},"createdBy":{"type":"relation","relation":"oneToOne","target":"admin::user","configurable":false,"writable":false,"visible":false,"useJoinTable":false,"private":true},"updatedBy":{"type":"relation","relation":"oneToOne","target":"admin::user","configurable":false,"writable":false,"visible":false,"useJoinTable":false,"private":true}},"kind":"collectionType","__schema__":{"collectionName":"up_permissions","info":{"name":"permission","description":"","singularName":"permission","pluralName":"permissions","displayName":"Permission"},"pluginOptions":{"content-manager":{"visible":false},"content-type-builder":{"visible":false}},"attributes":{"action":{"type":"string","required":true,"configurable":false},"role":{"type":"relation","relation":"manyToOne","target":"plugin::users-permissions.role","inversedBy":"permissions","configurable":false}},"kind":"collectionType"},"modelType":"contentType","modelName":"permission","connection":"default","uid":"plugin::users-permissions.permission","plugin":"users-permissions","globalId":"UsersPermissionsPermission"},"plugin::users-permissions.role":{"collectionName":"up_roles","info":{"name":"role","description":"","singularName":"role","pluralName":"roles","displayName":"Role"},"pluginOptions":{"content-manager":{"visible":false},"content-type-builder":{"visible":false}},"attributes":{"name":{"type":"string","minLength":3,"required":true,"configurable":false},"description":{"type":"string","configurable":false},"type":{"type":"string","unique":true,"configurable":false},"permissions":{"type":"relation","relation":"oneToMany","target":"plugin::users-permissions.permission","mappedBy":"role","configurable":false},"users":{"type":"relation","relation":"oneToMany","target":"plugin::users-permissions.user","mappedBy":"role","configurable":false},"createdAt":{"type":"datetime"},"updatedAt":{"type":"datetime"},"createdBy":{"type":"relation","relation":"oneToOne","target":"admin::user","configurable":false,"writable":false,"visible":false,"useJoinTable":false,"private":true},"updatedBy":{"type":"relation","relation":"oneToOne","target":"admin::user","configurable":false,"writable":false,"visible":false,"useJoinTable":false,"private":true}},"kind":"collectionType","__schema__":{"collectionName":"up_roles","info":{"name":"role","description":"","singularName":"role","pluralName":"roles","displayName":"Role"},"pluginOptions":{"content-manager":{"visible":false},"content-type-builder":{"visible":false}},"attributes":{"name":{"type":"string","minLength":3,"required":true,"configurable":false},"description":{"type":"string","configurable":false},"type":{"type":"string","unique":true,"configurable":false},"permissions":{"type":"relation","relation":"oneToMany","target":"plugin::users-permissions.permission","mappedBy":"role","configurable":false},"users":{"type":"relation","relation":"oneToMany","target":"plugin::users-permissions.user","mappedBy":"role","configurable":false}},"kind":"collectionType"},"modelType":"contentType","modelName":"role","connection":"default","uid":"plugin::users-permissions.role","plugin":"users-permissions","globalId":"UsersPermissionsRole"},"plugin::users-permissions.user":{"collectionName":"up_users","info":{"name":"user","description":"","singularName":"user","pluralName":"users","displayName":"User"},"options":{"draftAndPublish":false,"timestamps":true},"attributes":{"username":{"type":"string","minLength":3,"unique":true,"configurable":false,"required":true},"email":{"type":"email","minLength":6,"configurable":false,"required":true},"provider":{"type":"string","configurable":false},"password":{"type":"password","minLength":6,"configurable":false,"private":true,"searchable":false},"resetPasswordToken":{"type":"string","configurable":false,"private":true,"searchable":false},"confirmationToken":{"type":"string","configurable":false,"private":true,"searchable":false},"confirmed":{"type":"boolean","default":false,"configurable":false},"blocked":{"type":"boolean","default":false,"configurable":false},"role":{"type":"relation","relation":"manyToOne","target":"plugin::users-permissions.role","inversedBy":"users","configurable":false},"createdAt":{"type":"datetime"},"updatedAt":{"type":"datetime"},"createdBy":{"type":"relation","relation":"oneToOne","target":"admin::user","configurable":false,"writable":false,"visible":false,"useJoinTable":false,"private":true},"updatedBy":{"type":"relation","relation":"oneToOne","target":"admin::user","configurable":false,"writable":false,"visible":false,"useJoinTable":false,"private":true}},"config":{"attributes":{"resetPasswordToken":{"hidden":true},"confirmationToken":{"hidden":true},"provider":{"hidden":true}}},"kind":"collectionType","__schema__":{"collectionName":"up_users","info":{"name":"user","description":"","singularName":"user","pluralName":"users","displayName":"User"},"options":{"draftAndPublish":false,"timestamps":true},"attributes":{"username":{"type":"string","minLength":3,"unique":true,"configurable":false,"required":true},"email":{"type":"email","minLength":6,"configurable":false,"required":true},"provider":{"type":"string","configurable":false},"password":{"type":"password","minLength":6,"configurable":false,"private":true,"searchable":false},"resetPasswordToken":{"type":"string","configurable":false,"private":true,"searchable":false},"confirmationToken":{"type":"string","configurable":false,"private":true,"searchable":false},"confirmed":{"type":"boolean","default":false,"configurable":false},"blocked":{"type":"boolean","default":false,"configurable":false},"role":{"type":"relation","relation":"manyToOne","target":"plugin::users-permissions.role","inversedBy":"users","configurable":false}},"kind":"collectionType"},"modelType":"contentType","modelName":"user","connection":"default","uid":"plugin::users-permissions.user","plugin":"users-permissions","globalId":"UsersPermissionsUser"}}	object	\N	\N
10	plugin_content_manager_configuration_content_types::plugin::content-releases.release	{"settings":{"bulkable":true,"filterable":true,"searchable":true,"pageSize":10,"mainField":"name","defaultSortBy":"name","defaultSortOrder":"ASC"},"metadatas":{"id":{"edit":{},"list":{"label":"id","searchable":true,"sortable":true}},"name":{"edit":{"label":"name","description":"","placeholder":"","visible":true,"editable":true},"list":{"label":"name","searchable":true,"sortable":true}},"releasedAt":{"edit":{"label":"releasedAt","description":"","placeholder":"","visible":true,"editable":true},"list":{"label":"releasedAt","searchable":true,"sortable":true}},"scheduledAt":{"edit":{"label":"scheduledAt","description":"","placeholder":"","visible":true,"editable":true},"list":{"label":"scheduledAt","searchable":true,"sortable":true}},"timezone":{"edit":{"label":"timezone","description":"","placeholder":"","visible":true,"editable":true},"list":{"label":"timezone","searchable":true,"sortable":true}},"status":{"edit":{"label":"status","description":"","placeholder":"","visible":true,"editable":true},"list":{"label":"status","searchable":true,"sortable":true}},"actions":{"edit":{"label":"actions","description":"","placeholder":"","visible":true,"editable":true,"mainField":"contentType"},"list":{"label":"actions","searchable":false,"sortable":false}},"createdAt":{"edit":{"label":"createdAt","description":"","placeholder":"","visible":false,"editable":true},"list":{"label":"createdAt","searchable":true,"sortable":true}},"updatedAt":{"edit":{"label":"updatedAt","description":"","placeholder":"","visible":false,"editable":true},"list":{"label":"updatedAt","searchable":true,"sortable":true}},"createdBy":{"edit":{"label":"createdBy","description":"","placeholder":"","visible":false,"editable":true,"mainField":"firstname"},"list":{"label":"createdBy","searchable":true,"sortable":true}},"updatedBy":{"edit":{"label":"updatedBy","description":"","placeholder":"","visible":false,"editable":true,"mainField":"firstname"},"list":{"label":"updatedBy","searchable":true,"sortable":true}}},"layouts":{"list":["id","name","releasedAt","scheduledAt"],"edit":[[{"name":"name","size":6},{"name":"releasedAt","size":6}],[{"name":"scheduledAt","size":6},{"name":"timezone","size":6}],[{"name":"status","size":6},{"name":"actions","size":6}]]},"uid":"plugin::content-releases.release"}	object	\N	\N
11	plugin_content_manager_configuration_content_types::plugin::content-releases.release-action	{"settings":{"bulkable":true,"filterable":true,"searchable":true,"pageSize":10,"mainField":"contentType","defaultSortBy":"contentType","defaultSortOrder":"ASC"},"metadatas":{"id":{"edit":{},"list":{"label":"id","searchable":true,"sortable":true}},"type":{"edit":{"label":"type","description":"","placeholder":"","visible":true,"editable":true},"list":{"label":"type","searchable":true,"sortable":true}},"contentType":{"edit":{"label":"contentType","description":"","placeholder":"","visible":true,"editable":true},"list":{"label":"contentType","searchable":true,"sortable":true}},"locale":{"edit":{"label":"locale","description":"","placeholder":"","visible":true,"editable":true},"list":{"label":"locale","searchable":true,"sortable":true}},"release":{"edit":{"label":"release","description":"","placeholder":"","visible":true,"editable":true,"mainField":"name"},"list":{"label":"release","searchable":true,"sortable":true}},"isEntryValid":{"edit":{"label":"isEntryValid","description":"","placeholder":"","visible":true,"editable":true},"list":{"label":"isEntryValid","searchable":true,"sortable":true}},"createdAt":{"edit":{"label":"createdAt","description":"","placeholder":"","visible":false,"editable":true},"list":{"label":"createdAt","searchable":true,"sortable":true}},"updatedAt":{"edit":{"label":"updatedAt","description":"","placeholder":"","visible":false,"editable":true},"list":{"label":"updatedAt","searchable":true,"sortable":true}},"createdBy":{"edit":{"label":"createdBy","description":"","placeholder":"","visible":false,"editable":true,"mainField":"firstname"},"list":{"label":"createdBy","searchable":true,"sortable":true}},"updatedBy":{"edit":{"label":"updatedBy","description":"","placeholder":"","visible":false,"editable":true,"mainField":"firstname"},"list":{"label":"updatedBy","searchable":true,"sortable":true}}},"layouts":{"list":["id","type","contentType","locale"],"edit":[[{"name":"type","size":6},{"name":"contentType","size":6}],[{"name":"locale","size":6},{"name":"release","size":6}],[{"name":"isEntryValid","size":4}]]},"uid":"plugin::content-releases.release-action"}	object	\N	\N
12	plugin_content_manager_configuration_content_types::plugin::users-permissions.permission	{"settings":{"bulkable":true,"filterable":true,"searchable":true,"pageSize":10,"mainField":"action","defaultSortBy":"action","defaultSortOrder":"ASC"},"metadatas":{"id":{"edit":{},"list":{"label":"id","searchable":true,"sortable":true}},"action":{"edit":{"label":"action","description":"","placeholder":"","visible":true,"editable":true},"list":{"label":"action","searchable":true,"sortable":true}},"role":{"edit":{"label":"role","description":"","placeholder":"","visible":true,"editable":true,"mainField":"name"},"list":{"label":"role","searchable":true,"sortable":true}},"createdAt":{"edit":{"label":"createdAt","description":"","placeholder":"","visible":false,"editable":true},"list":{"label":"createdAt","searchable":true,"sortable":true}},"updatedAt":{"edit":{"label":"updatedAt","description":"","placeholder":"","visible":false,"editable":true},"list":{"label":"updatedAt","searchable":true,"sortable":true}},"createdBy":{"edit":{"label":"createdBy","description":"","placeholder":"","visible":false,"editable":true,"mainField":"firstname"},"list":{"label":"createdBy","searchable":true,"sortable":true}},"updatedBy":{"edit":{"label":"updatedBy","description":"","placeholder":"","visible":false,"editable":true,"mainField":"firstname"},"list":{"label":"updatedBy","searchable":true,"sortable":true}}},"layouts":{"list":["id","action","role","createdAt"],"edit":[[{"name":"action","size":6},{"name":"role","size":6}]]},"uid":"plugin::users-permissions.permission"}	object	\N	\N
13	plugin_content_manager_configuration_content_types::admin::user	{"settings":{"bulkable":true,"filterable":true,"searchable":true,"pageSize":10,"mainField":"firstname","defaultSortBy":"firstname","defaultSortOrder":"ASC"},"metadatas":{"id":{"edit":{},"list":{"label":"id","searchable":true,"sortable":true}},"firstname":{"edit":{"label":"firstname","description":"","placeholder":"","visible":true,"editable":true},"list":{"label":"firstname","searchable":true,"sortable":true}},"lastname":{"edit":{"label":"lastname","description":"","placeholder":"","visible":true,"editable":true},"list":{"label":"lastname","searchable":true,"sortable":true}},"username":{"edit":{"label":"username","description":"","placeholder":"","visible":true,"editable":true},"list":{"label":"username","searchable":true,"sortable":true}},"email":{"edit":{"label":"email","description":"","placeholder":"","visible":true,"editable":true},"list":{"label":"email","searchable":true,"sortable":true}},"password":{"edit":{"label":"password","description":"","placeholder":"","visible":true,"editable":true},"list":{"label":"password","searchable":true,"sortable":true}},"resetPasswordToken":{"edit":{"label":"resetPasswordToken","description":"","placeholder":"","visible":false,"editable":true},"list":{"label":"resetPasswordToken","searchable":true,"sortable":true}},"registrationToken":{"edit":{"label":"registrationToken","description":"","placeholder":"","visible":false,"editable":true},"list":{"label":"registrationToken","searchable":true,"sortable":true}},"isActive":{"edit":{"label":"isActive","description":"","placeholder":"","visible":true,"editable":true},"list":{"label":"isActive","searchable":true,"sortable":true}},"roles":{"edit":{"label":"roles","description":"","placeholder":"","visible":true,"editable":true,"mainField":"name"},"list":{"label":"roles","searchable":false,"sortable":false}},"blocked":{"edit":{"label":"blocked","description":"","placeholder":"","visible":true,"editable":true},"list":{"label":"blocked","searchable":true,"sortable":true}},"preferedLanguage":{"edit":{"label":"preferedLanguage","description":"","placeholder":"","visible":true,"editable":true},"list":{"label":"preferedLanguage","searchable":true,"sortable":true}},"createdAt":{"edit":{"label":"createdAt","description":"","placeholder":"","visible":false,"editable":true},"list":{"label":"createdAt","searchable":true,"sortable":true}},"updatedAt":{"edit":{"label":"updatedAt","description":"","placeholder":"","visible":false,"editable":true},"list":{"label":"updatedAt","searchable":true,"sortable":true}},"createdBy":{"edit":{"label":"createdBy","description":"","placeholder":"","visible":false,"editable":true,"mainField":"firstname"},"list":{"label":"createdBy","searchable":true,"sortable":true}},"updatedBy":{"edit":{"label":"updatedBy","description":"","placeholder":"","visible":false,"editable":true,"mainField":"firstname"},"list":{"label":"updatedBy","searchable":true,"sortable":true}}},"layouts":{"list":["id","firstname","lastname","username"],"edit":[[{"name":"firstname","size":6},{"name":"lastname","size":6}],[{"name":"username","size":6},{"name":"email","size":6}],[{"name":"password","size":6},{"name":"isActive","size":4}],[{"name":"roles","size":6},{"name":"blocked","size":4}],[{"name":"preferedLanguage","size":6}]]},"uid":"admin::user"}	object	\N	\N
14	plugin_content_manager_configuration_content_types::plugin::users-permissions.role	{"settings":{"bulkable":true,"filterable":true,"searchable":true,"pageSize":10,"mainField":"name","defaultSortBy":"name","defaultSortOrder":"ASC"},"metadatas":{"id":{"edit":{},"list":{"label":"id","searchable":true,"sortable":true}},"name":{"edit":{"label":"name","description":"","placeholder":"","visible":true,"editable":true},"list":{"label":"name","searchable":true,"sortable":true}},"description":{"edit":{"label":"description","description":"","placeholder":"","visible":true,"editable":true},"list":{"label":"description","searchable":true,"sortable":true}},"type":{"edit":{"label":"type","description":"","placeholder":"","visible":true,"editable":true},"list":{"label":"type","searchable":true,"sortable":true}},"permissions":{"edit":{"label":"permissions","description":"","placeholder":"","visible":true,"editable":true,"mainField":"action"},"list":{"label":"permissions","searchable":false,"sortable":false}},"users":{"edit":{"label":"users","description":"","placeholder":"","visible":true,"editable":true,"mainField":"username"},"list":{"label":"users","searchable":false,"sortable":false}},"createdAt":{"edit":{"label":"createdAt","description":"","placeholder":"","visible":false,"editable":true},"list":{"label":"createdAt","searchable":true,"sortable":true}},"updatedAt":{"edit":{"label":"updatedAt","description":"","placeholder":"","visible":false,"editable":true},"list":{"label":"updatedAt","searchable":true,"sortable":true}},"createdBy":{"edit":{"label":"createdBy","description":"","placeholder":"","visible":false,"editable":true,"mainField":"firstname"},"list":{"label":"createdBy","searchable":true,"sortable":true}},"updatedBy":{"edit":{"label":"updatedBy","description":"","placeholder":"","visible":false,"editable":true,"mainField":"firstname"},"list":{"label":"updatedBy","searchable":true,"sortable":true}}},"layouts":{"list":["id","name","description","type"],"edit":[[{"name":"name","size":6},{"name":"description","size":6}],[{"name":"type","size":6},{"name":"permissions","size":6}],[{"name":"users","size":6}]]},"uid":"plugin::users-permissions.role"}	object	\N	\N
15	plugin_content_manager_configuration_content_types::plugin::users-permissions.user	{"settings":{"bulkable":true,"filterable":true,"searchable":true,"pageSize":10,"mainField":"username","defaultSortBy":"username","defaultSortOrder":"ASC"},"metadatas":{"id":{"edit":{},"list":{"label":"id","searchable":true,"sortable":true}},"username":{"edit":{"label":"username","description":"","placeholder":"","visible":true,"editable":true},"list":{"label":"username","searchable":true,"sortable":true}},"email":{"edit":{"label":"email","description":"","placeholder":"","visible":true,"editable":true},"list":{"label":"email","searchable":true,"sortable":true}},"provider":{"edit":{"label":"provider","description":"","placeholder":"","visible":false,"editable":true},"list":{"label":"provider","searchable":true,"sortable":true}},"password":{"edit":{"label":"password","description":"","placeholder":"","visible":true,"editable":true},"list":{"label":"password","searchable":true,"sortable":true}},"resetPasswordToken":{"edit":{"label":"resetPasswordToken","description":"","placeholder":"","visible":false,"editable":true},"list":{"label":"resetPasswordToken","searchable":true,"sortable":true}},"confirmationToken":{"edit":{"label":"confirmationToken","description":"","placeholder":"","visible":false,"editable":true},"list":{"label":"confirmationToken","searchable":true,"sortable":true}},"confirmed":{"edit":{"label":"confirmed","description":"","placeholder":"","visible":true,"editable":true},"list":{"label":"confirmed","searchable":true,"sortable":true}},"blocked":{"edit":{"label":"blocked","description":"","placeholder":"","visible":true,"editable":true},"list":{"label":"blocked","searchable":true,"sortable":true}},"role":{"edit":{"label":"role","description":"","placeholder":"","visible":true,"editable":true,"mainField":"name"},"list":{"label":"role","searchable":true,"sortable":true}},"createdAt":{"edit":{"label":"createdAt","description":"","placeholder":"","visible":false,"editable":true},"list":{"label":"createdAt","searchable":true,"sortable":true}},"updatedAt":{"edit":{"label":"updatedAt","description":"","placeholder":"","visible":false,"editable":true},"list":{"label":"updatedAt","searchable":true,"sortable":true}},"createdBy":{"edit":{"label":"createdBy","description":"","placeholder":"","visible":false,"editable":true,"mainField":"firstname"},"list":{"label":"createdBy","searchable":true,"sortable":true}},"updatedBy":{"edit":{"label":"updatedBy","description":"","placeholder":"","visible":false,"editable":true,"mainField":"firstname"},"list":{"label":"updatedBy","searchable":true,"sortable":true}}},"layouts":{"list":["id","username","email","confirmed"],"edit":[[{"name":"username","size":6},{"name":"email","size":6}],[{"name":"password","size":6},{"name":"confirmed","size":4}],[{"name":"blocked","size":4},{"name":"role","size":6}]]},"uid":"plugin::users-permissions.user"}	object	\N	\N
16	plugin_content_manager_configuration_content_types::plugin::i18n.locale	{"settings":{"bulkable":true,"filterable":true,"searchable":true,"pageSize":10,"mainField":"name","defaultSortBy":"name","defaultSortOrder":"ASC"},"metadatas":{"id":{"edit":{},"list":{"label":"id","searchable":true,"sortable":true}},"name":{"edit":{"label":"name","description":"","placeholder":"","visible":true,"editable":true},"list":{"label":"name","searchable":true,"sortable":true}},"code":{"edit":{"label":"code","description":"","placeholder":"","visible":true,"editable":true},"list":{"label":"code","searchable":true,"sortable":true}},"createdAt":{"edit":{"label":"createdAt","description":"","placeholder":"","visible":false,"editable":true},"list":{"label":"createdAt","searchable":true,"sortable":true}},"updatedAt":{"edit":{"label":"updatedAt","description":"","placeholder":"","visible":false,"editable":true},"list":{"label":"updatedAt","searchable":true,"sortable":true}},"createdBy":{"edit":{"label":"createdBy","description":"","placeholder":"","visible":false,"editable":true,"mainField":"firstname"},"list":{"label":"createdBy","searchable":true,"sortable":true}},"updatedBy":{"edit":{"label":"updatedBy","description":"","placeholder":"","visible":false,"editable":true,"mainField":"firstname"},"list":{"label":"updatedBy","searchable":true,"sortable":true}}},"layouts":{"list":["id","name","code","createdAt"],"edit":[[{"name":"name","size":6},{"name":"code","size":6}]]},"uid":"plugin::i18n.locale"}	object	\N	\N
17	plugin_upload_settings	{"sizeOptimization":true,"responsiveDimensions":true,"autoOrientation":false}	object	\N	\N
18	plugin_upload_view_configuration	{"pageSize":10,"sort":"createdAt:DESC"}	object	\N	\N
20	plugin_users-permissions_grant	{"email":{"enabled":true,"icon":"envelope"},"discord":{"enabled":false,"icon":"discord","key":"","secret":"","callback":"api/auth/discord/callback","scope":["identify","email"]},"facebook":{"enabled":false,"icon":"facebook-square","key":"","secret":"","callback":"api/auth/facebook/callback","scope":["email"]},"google":{"enabled":false,"icon":"google","key":"","secret":"","callback":"api/auth/google/callback","scope":["email"]},"github":{"enabled":false,"icon":"github","key":"","secret":"","callback":"api/auth/github/callback","scope":["user","user:email"]},"microsoft":{"enabled":false,"icon":"windows","key":"","secret":"","callback":"api/auth/microsoft/callback","scope":["user.read"]},"twitter":{"enabled":false,"icon":"twitter","key":"","secret":"","callback":"api/auth/twitter/callback"},"instagram":{"enabled":false,"icon":"instagram","key":"","secret":"","callback":"api/auth/instagram/callback","scope":["user_profile"]},"vk":{"enabled":false,"icon":"vk","key":"","secret":"","callback":"api/auth/vk/callback","scope":["email"]},"twitch":{"enabled":false,"icon":"twitch","key":"","secret":"","callback":"api/auth/twitch/callback","scope":["user:read:email"]},"linkedin":{"enabled":false,"icon":"linkedin","key":"","secret":"","callback":"api/auth/linkedin/callback","scope":["r_liteprofile","r_emailaddress"]},"cognito":{"enabled":false,"icon":"aws","key":"","secret":"","subdomain":"my.subdomain.com","callback":"api/auth/cognito/callback","scope":["email","openid","profile"]},"reddit":{"enabled":false,"icon":"reddit","key":"","secret":"","state":true,"callback":"api/auth/reddit/callback","scope":["identity"]},"auth0":{"enabled":false,"icon":"","key":"","secret":"","subdomain":"my-tenant.eu","callback":"api/auth/auth0/callback","scope":["openid","email","profile"]},"cas":{"enabled":false,"icon":"book","key":"","secret":"","callback":"api/auth/cas/callback","scope":["openid email"],"subdomain":"my.subdomain.com/cas"},"patreon":{"enabled":false,"icon":"","key":"","secret":"","callback":"api/auth/patreon/callback","scope":["identity","identity[email]"]},"keycloak":{"enabled":false,"icon":"","key":"","secret":"","subdomain":"myKeycloakProvider.com/realms/myrealm","callback":"api/auth/keycloak/callback","scope":["openid","email","profile"]}}	object	\N	\N
21	plugin_users-permissions_email	{"reset_password":{"display":"Email.template.reset_password","icon":"sync","options":{"from":{"name":"Administration Panel","email":"no-reply@strapi.io"},"response_email":"","object":"Reset password","message":"<p>We heard that you lost your password. Sorry about that!</p>\\n\\n<p>But dont worry! You can use the following link to reset your password:</p>\\n<p><%= URL %>?code=<%= TOKEN %></p>\\n\\n<p>Thanks.</p>"}},"email_confirmation":{"display":"Email.template.email_confirmation","icon":"check-square","options":{"from":{"name":"Administration Panel","email":"no-reply@strapi.io"},"response_email":"","object":"Account confirmation","message":"<p>Thank you for registering!</p>\\n\\n<p>You have to confirm your email address. Please click on the link below.</p>\\n\\n<p><%= URL %>?confirmation=<%= CODE %></p>\\n\\n<p>Thanks.</p>"}}}	object	\N	\N
22	plugin_users-permissions_advanced	{"unique_email":true,"allow_register":true,"email_confirmation":false,"email_reset_password":null,"email_confirmation_redirection":null,"default_role":"authenticated"}	object	\N	\N
23	plugin_i18n_default_locale	"sk"	string	\N	\N
24	core_admin_auth	{"providers":{"autoRegister":false,"defaultRole":null,"ssoLockedRoles":null}}	object	\N	\N
25	plugin_content_manager_configuration_components::blocks.banner	{"settings":{"bulkable":true,"filterable":true,"searchable":true,"pageSize":10,"mainField":"id","defaultSortBy":"id","defaultSortOrder":"ASC"},"metadatas":{"id":{"edit":{},"list":{"label":"id","searchable":false,"sortable":false}},"slides":{"edit":{"label":"slides","description":"","placeholder":"","visible":true,"editable":true},"list":{"label":"slides","searchable":false,"sortable":false}}},"layouts":{"list":["id","slides"],"edit":[[{"name":"slides","size":12}]]},"uid":"blocks.banner","isComponent":true}	object	\N	\N
19	plugin_upload_metrics	{"weeklySchedule":"47 27 19 * * 0","lastWeeklyUpdate":1727630867047}	object	\N	\N
28	plugin_content_manager_configuration_components::components.banner-slide	{"settings":{"bulkable":true,"filterable":true,"searchable":true,"pageSize":10,"mainField":"title","defaultSortBy":"title","defaultSortOrder":"ASC"},"metadatas":{"id":{"edit":{},"list":{"label":"id","searchable":false,"sortable":false}},"image":{"edit":{"label":"image","description":"","placeholder":"","visible":true,"editable":true},"list":{"label":"image","searchable":false,"sortable":false}},"title":{"edit":{"label":"title","description":"","placeholder":"","visible":true,"editable":true},"list":{"label":"title","searchable":true,"sortable":true}},"description":{"edit":{"label":"description","description":"","placeholder":"","visible":true,"editable":true},"list":{"label":"description","searchable":true,"sortable":true}},"buttons":{"edit":{"label":"buttons","description":"","placeholder":"","visible":true,"editable":true},"list":{"label":"buttons","searchable":false,"sortable":false}}},"layouts":{"list":["id","image","title","description"],"edit":[[{"name":"image","size":6},{"name":"title","size":6}],[{"name":"description","size":6}],[{"name":"buttons","size":12}]]},"uid":"components.banner-slide","isComponent":true}	object	\N	\N
29	plugin_content_manager_configuration_content_types::api::localization.localization	{"settings":{"bulkable":true,"filterable":true,"searchable":true,"pageSize":10,"mainField":"id","defaultSortBy":"id","defaultSortOrder":"ASC"},"metadatas":{"id":{"edit":{},"list":{"label":"id","searchable":true,"sortable":true}},"main":{"edit":{"label":"main","description":"","placeholder":"","visible":true,"editable":true},"list":{"label":"main","searchable":false,"sortable":false}},"createdAt":{"edit":{"label":"createdAt","description":"","placeholder":"","visible":false,"editable":true},"list":{"label":"createdAt","searchable":true,"sortable":true}},"updatedAt":{"edit":{"label":"updatedAt","description":"","placeholder":"","visible":false,"editable":true},"list":{"label":"updatedAt","searchable":true,"sortable":true}},"createdBy":{"edit":{"label":"createdBy","description":"","placeholder":"","visible":false,"editable":true,"mainField":"firstname"},"list":{"label":"createdBy","searchable":true,"sortable":true}},"updatedBy":{"edit":{"label":"updatedBy","description":"","placeholder":"","visible":false,"editable":true,"mainField":"firstname"},"list":{"label":"updatedBy","searchable":true,"sortable":true}}},"layouts":{"list":["id","createdAt","updatedAt","createdBy"],"edit":[[{"name":"main","size":12}]]},"uid":"api::localization.localization"}	object	\N	\N
30	plugin_content_manager_configuration_components::blocks.page-standart	{"settings":{"bulkable":true,"filterable":true,"searchable":true,"pageSize":10,"mainField":"slug","defaultSortBy":"slug","defaultSortOrder":"ASC"},"metadatas":{"id":{"edit":{},"list":{"label":"id","searchable":false,"sortable":false}},"slug":{"edit":{"label":"slug","description":"","placeholder":"","visible":true,"editable":true},"list":{"label":"slug","searchable":true,"sortable":true}}},"layouts":{"list":["id","slug"],"edit":[[{"name":"slug","size":6}]]},"uid":"blocks.page-standart","isComponent":true}	object	\N	\N
31	plugin_content_manager_configuration_components::blocks.page-blog	{"settings":{"bulkable":true,"filterable":true,"searchable":true,"pageSize":10,"mainField":"slug","defaultSortBy":"slug","defaultSortOrder":"ASC"},"metadatas":{"id":{"edit":{},"list":{"label":"id","searchable":false,"sortable":false}},"slug":{"edit":{"label":"slug","description":"","placeholder":"","visible":true,"editable":true},"list":{"label":"slug","searchable":true,"sortable":true}}},"layouts":{"list":["id","slug"],"edit":[[{"name":"slug","size":6}]]},"uid":"blocks.page-blog","isComponent":true}	object	\N	\N
32	plugin_content_manager_configuration_components::shared.seo	{"settings":{"bulkable":true,"filterable":true,"searchable":true,"pageSize":10,"mainField":"metaTitle","defaultSortBy":"metaTitle","defaultSortOrder":"ASC"},"metadatas":{"id":{"edit":{},"list":{"label":"id","searchable":false,"sortable":false}},"metaTitle":{"edit":{"label":"metaTitle","description":"","placeholder":"","visible":true,"editable":true},"list":{"label":"metaTitle","searchable":true,"sortable":true}},"metaDescription":{"edit":{"label":"metaDescription","description":"","placeholder":"","visible":true,"editable":true},"list":{"label":"metaDescription","searchable":true,"sortable":true}},"metaImage":{"edit":{"label":"metaImage","description":"","placeholder":"","visible":true,"editable":true},"list":{"label":"metaImage","searchable":false,"sortable":false}},"metaSocial":{"edit":{"label":"metaSocial","description":"","placeholder":"","visible":true,"editable":true},"list":{"label":"metaSocial","searchable":false,"sortable":false}},"keywords":{"edit":{"label":"keywords","description":"","placeholder":"","visible":true,"editable":true},"list":{"label":"keywords","searchable":true,"sortable":true}},"metaRobots":{"edit":{"label":"metaRobots","description":"","placeholder":"","visible":true,"editable":true},"list":{"label":"metaRobots","searchable":true,"sortable":true}},"structuredData":{"edit":{"label":"structuredData","description":"","placeholder":"","visible":true,"editable":true},"list":{"label":"structuredData","searchable":false,"sortable":false}},"metaViewport":{"edit":{"label":"metaViewport","description":"","placeholder":"","visible":true,"editable":true},"list":{"label":"metaViewport","searchable":true,"sortable":true}},"canonicalURL":{"edit":{"label":"canonicalURL","description":"","placeholder":"","visible":true,"editable":true},"list":{"label":"canonicalURL","searchable":true,"sortable":true}}},"layouts":{"list":["id","metaTitle","metaDescription","metaImage"],"edit":[[{"name":"metaTitle","size":6},{"name":"metaDescription","size":6}],[{"name":"metaImage","size":6}],[{"name":"metaSocial","size":12}],[{"name":"keywords","size":6},{"name":"metaRobots","size":6}],[{"name":"structuredData","size":12}],[{"name":"metaViewport","size":6},{"name":"canonicalURL","size":6}]]},"uid":"shared.seo","isComponent":true}	object	\N	\N
33	plugin_content_manager_configuration_components::shared.meta-social	{"settings":{"bulkable":true,"filterable":true,"searchable":true,"pageSize":10,"mainField":"title","defaultSortBy":"title","defaultSortOrder":"ASC"},"metadatas":{"id":{"edit":{},"list":{"label":"id","searchable":false,"sortable":false}},"socialNetwork":{"edit":{"label":"socialNetwork","description":"","placeholder":"","visible":true,"editable":true},"list":{"label":"socialNetwork","searchable":true,"sortable":true}},"title":{"edit":{"label":"title","description":"","placeholder":"","visible":true,"editable":true},"list":{"label":"title","searchable":true,"sortable":true}},"description":{"edit":{"label":"description","description":"","placeholder":"","visible":true,"editable":true},"list":{"label":"description","searchable":true,"sortable":true}},"image":{"edit":{"label":"image","description":"","placeholder":"","visible":true,"editable":true},"list":{"label":"image","searchable":false,"sortable":false}}},"layouts":{"list":["id","socialNetwork","title","description"],"edit":[[{"name":"socialNetwork","size":6},{"name":"title","size":6}],[{"name":"description","size":6},{"name":"image","size":6}]]},"uid":"shared.meta-social","isComponent":true}	object	\N	\N
34	plugin_content_manager_configuration_components::components.button	{"settings":{"bulkable":true,"filterable":true,"searchable":true,"pageSize":10,"mainField":"text","defaultSortBy":"text","defaultSortOrder":"ASC"},"metadatas":{"id":{"edit":{},"list":{"label":"id","searchable":false,"sortable":false}},"text":{"edit":{"label":"text","description":"","placeholder":"","visible":true,"editable":true},"list":{"label":"text","searchable":true,"sortable":true}}},"layouts":{"list":["id","text"],"edit":[[{"name":"text","size":6}]]},"uid":"components.button","isComponent":true}	object	\N	\N
35	plugin_seo_settings	{"api::localization.localization":{"collectionName":"localization","seoChecks":{"metaTitle":true,"metaDescription":true,"metaRobots":true,"metaSocial":true,"wordCount":true,"canonicalUrl":true,"keywordDensity":true,"structuredData":true,"alternativeText":true,"lastUpdatedAt":true}},"api::page.page":{"collectionName":"page","seoChecks":{"metaTitle":true,"metaDescription":true,"metaRobots":true,"metaSocial":true,"wordCount":true,"canonicalUrl":true,"keywordDensity":true,"structuredData":true,"alternativeText":true,"lastUpdatedAt":true}}}	object	\N	\N
26	plugin_content_manager_configuration_content_types::api::page.page	{"settings":{"bulkable":true,"filterable":true,"searchable":true,"pageSize":10,"mainField":"id","defaultSortBy":"updatedAt","defaultSortOrder":"DESC"},"metadatas":{"id":{"edit":{},"list":{"label":"id","searchable":true,"sortable":true}},"internalName":{"edit":{"label":"internalName","description":"","placeholder":"","visible":true,"editable":true},"list":{"label":"internalName","searchable":true,"sortable":true}},"type":{"edit":{"label":"type","description":"","placeholder":"","visible":true,"editable":true},"list":{"label":"type","searchable":false,"sortable":false}},"blocks":{"edit":{"label":"blocks","description":"","placeholder":"","visible":true,"editable":true},"list":{"label":"blocks","searchable":false,"sortable":false}},"seo":{"edit":{"label":"seo","description":"","placeholder":"","visible":true,"editable":true},"list":{"label":"seo","searchable":false,"sortable":false}},"createdAt":{"edit":{"label":"createdAt","description":"","placeholder":"","visible":false,"editable":true},"list":{"label":"createdAt","searchable":true,"sortable":true}},"updatedAt":{"edit":{"label":"updatedAt","description":"","placeholder":"","visible":false,"editable":true},"list":{"label":"updatedAt","searchable":true,"sortable":true}},"createdBy":{"edit":{"label":"createdBy","description":"","placeholder":"","visible":false,"editable":true,"mainField":"firstname"},"list":{"label":"createdBy","searchable":true,"sortable":true}},"updatedBy":{"edit":{"label":"updatedBy","description":"","placeholder":"","visible":false,"editable":true,"mainField":"firstname"},"list":{"label":"updatedBy","searchable":true,"sortable":true}}},"layouts":{"edit":[[{"name":"internalName","size":6}],[{"name":"type","size":12}],[{"name":"blocks","size":12}],[{"name":"seo","size":12}]],"list":["internalName","id"]},"uid":"api::page.page"}	object	\N	\N
\.


--
-- Data for Name: strapi_database_schema; Type: TABLE DATA; Schema: public; Owner: postgres
--

COPY public.strapi_database_schema (id, schema, "time", hash) FROM stdin;
48	{"tables":[{"name":"strapi_core_store_settings","indexes":[],"foreignKeys":[],"columns":[{"name":"id","type":"increments","args":[{"primary":true,"primaryKey":true}],"defaultTo":null,"notNullable":true,"unsigned":false},{"name":"key","type":"string","args":[],"defaultTo":null,"notNullable":false,"unsigned":false},{"name":"value","type":"text","args":["longtext"],"defaultTo":null,"notNullable":false,"unsigned":false},{"name":"type","type":"string","args":[],"defaultTo":null,"notNullable":false,"unsigned":false},{"name":"environment","type":"string","args":[],"defaultTo":null,"notNullable":false,"unsigned":false},{"name":"tag","type":"string","args":[],"defaultTo":null,"notNullable":false,"unsigned":false}]},{"name":"strapi_webhooks","indexes":[],"foreignKeys":[],"columns":[{"name":"id","type":"increments","args":[{"primary":true,"primaryKey":true}],"defaultTo":null,"notNullable":true,"unsigned":false},{"name":"name","type":"string","args":[],"defaultTo":null,"notNullable":false,"unsigned":false},{"name":"url","type":"text","args":["longtext"],"defaultTo":null,"notNullable":false,"unsigned":false},{"name":"headers","type":"jsonb","args":[],"defaultTo":null,"notNullable":false,"unsigned":false},{"name":"events","type":"jsonb","args":[],"defaultTo":null,"notNullable":false,"unsigned":false},{"name":"enabled","type":"boolean","args":[],"defaultTo":null,"notNullable":false,"unsigned":false}]},{"name":"admin_permissions","indexes":[{"name":"admin_permissions_created_by_id_fk","columns":["created_by_id"]},{"name":"admin_permissions_updated_by_id_fk","columns":["updated_by_id"]}],"foreignKeys":[{"name":"admin_permissions_created_by_id_fk","columns":["created_by_id"],"referencedTable":"admin_users","referencedColumns":["id"],"onDelete":"SET NULL"},{"name":"admin_permissions_updated_by_id_fk","columns":["updated_by_id"],"referencedTable":"admin_users","referencedColumns":["id"],"onDelete":"SET NULL"}],"columns":[{"name":"id","type":"increments","args":[{"primary":true,"primaryKey":true}],"defaultTo":null,"notNullable":true,"unsigned":false},{"name":"action","type":"string","args":[],"defaultTo":null,"notNullable":false,"unsigned":false},{"name":"action_parameters","type":"jsonb","args":[],"defaultTo":null,"notNullable":false,"unsigned":false},{"name":"subject","type":"string","args":[],"defaultTo":null,"notNullable":false,"unsigned":false},{"name":"properties","type":"jsonb","args":[],"defaultTo":null,"notNullable":false,"unsigned":false},{"name":"conditions","type":"jsonb","args":[],"defaultTo":null,"notNullable":false,"unsigned":false},{"name":"created_at","type":"datetime","args":[{"useTz":false,"precision":6}],"defaultTo":null,"notNullable":false,"unsigned":false},{"name":"updated_at","type":"datetime","args":[{"useTz":false,"precision":6}],"defaultTo":null,"notNullable":false,"unsigned":false},{"name":"created_by_id","type":"integer","args":[],"defaultTo":null,"notNullable":false,"unsigned":true},{"name":"updated_by_id","type":"integer","args":[],"defaultTo":null,"notNullable":false,"unsigned":true}]},{"name":"admin_users","indexes":[{"name":"admin_users_created_by_id_fk","columns":["created_by_id"]},{"name":"admin_users_updated_by_id_fk","columns":["updated_by_id"]}],"foreignKeys":[{"name":"admin_users_created_by_id_fk","columns":["created_by_id"],"referencedTable":"admin_users","referencedColumns":["id"],"onDelete":"SET NULL"},{"name":"admin_users_updated_by_id_fk","columns":["updated_by_id"],"referencedTable":"admin_users","referencedColumns":["id"],"onDelete":"SET NULL"}],"columns":[{"name":"id","type":"increments","args":[{"primary":true,"primaryKey":true}],"defaultTo":null,"notNullable":true,"unsigned":false},{"name":"firstname","type":"string","args":[],"defaultTo":null,"notNullable":false,"unsigned":false},{"name":"lastname","type":"string","args":[],"defaultTo":null,"notNullable":false,"unsigned":false},{"name":"username","type":"string","args":[],"defaultTo":null,"notNullable":false,"unsigned":false},{"name":"email","type":"string","args":[],"defaultTo":null,"notNullable":false,"unsigned":false},{"name":"password","type":"string","args":[],"defaultTo":null,"notNullable":false,"unsigned":false},{"name":"reset_password_token","type":"string","args":[],"defaultTo":null,"notNullable":false,"unsigned":false},{"name":"registration_token","type":"string","args":[],"defaultTo":null,"notNullable":false,"unsigned":false},{"name":"is_active","type":"boolean","args":[],"defaultTo":null,"notNullable":false,"unsigned":false},{"name":"blocked","type":"boolean","args":[],"defaultTo":null,"notNullable":false,"unsigned":false},{"name":"prefered_language","type":"string","args":[],"defaultTo":null,"notNullable":false,"unsigned":false},{"name":"created_at","type":"datetime","args":[{"useTz":false,"precision":6}],"defaultTo":null,"notNullable":false,"unsigned":false},{"name":"updated_at","type":"datetime","args":[{"useTz":false,"precision":6}],"defaultTo":null,"notNullable":false,"unsigned":false},{"name":"created_by_id","type":"integer","args":[],"defaultTo":null,"notNullable":false,"unsigned":true},{"name":"updated_by_id","type":"integer","args":[],"defaultTo":null,"notNullable":false,"unsigned":true}]},{"name":"admin_roles","indexes":[{"name":"admin_roles_created_by_id_fk","columns":["created_by_id"]},{"name":"admin_roles_updated_by_id_fk","columns":["updated_by_id"]}],"foreignKeys":[{"name":"admin_roles_created_by_id_fk","columns":["created_by_id"],"referencedTable":"admin_users","referencedColumns":["id"],"onDelete":"SET NULL"},{"name":"admin_roles_updated_by_id_fk","columns":["updated_by_id"],"referencedTable":"admin_users","referencedColumns":["id"],"onDelete":"SET NULL"}],"columns":[{"name":"id","type":"increments","args":[{"primary":true,"primaryKey":true}],"defaultTo":null,"notNullable":true,"unsigned":false},{"name":"name","type":"string","args":[],"defaultTo":null,"notNullable":false,"unsigned":false},{"name":"code","type":"string","args":[],"defaultTo":null,"notNullable":false,"unsigned":false},{"name":"description","type":"string","args":[],"defaultTo":null,"notNullable":false,"unsigned":false},{"name":"created_at","type":"datetime","args":[{"useTz":false,"precision":6}],"defaultTo":null,"notNullable":false,"unsigned":false},{"name":"updated_at","type":"datetime","args":[{"useTz":false,"precision":6}],"defaultTo":null,"notNullable":false,"unsigned":false},{"name":"created_by_id","type":"integer","args":[],"defaultTo":null,"notNullable":false,"unsigned":true},{"name":"updated_by_id","type":"integer","args":[],"defaultTo":null,"notNullable":false,"unsigned":true}]},{"name":"strapi_api_tokens","indexes":[{"name":"strapi_api_tokens_created_by_id_fk","columns":["created_by_id"]},{"name":"strapi_api_tokens_updated_by_id_fk","columns":["updated_by_id"]}],"foreignKeys":[{"name":"strapi_api_tokens_created_by_id_fk","columns":["created_by_id"],"referencedTable":"admin_users","referencedColumns":["id"],"onDelete":"SET NULL"},{"name":"strapi_api_tokens_updated_by_id_fk","columns":["updated_by_id"],"referencedTable":"admin_users","referencedColumns":["id"],"onDelete":"SET NULL"}],"columns":[{"name":"id","type":"increments","args":[{"primary":true,"primaryKey":true}],"defaultTo":null,"notNullable":true,"unsigned":false},{"name":"name","type":"string","args":[],"defaultTo":null,"notNullable":false,"unsigned":false},{"name":"description","type":"string","args":[],"defaultTo":null,"notNullable":false,"unsigned":false},{"name":"type","type":"string","args":[],"defaultTo":null,"notNullable":false,"unsigned":false},{"name":"access_key","type":"string","args":[],"defaultTo":null,"notNullable":false,"unsigned":false},{"name":"last_used_at","type":"datetime","args":[{"useTz":false,"precision":6}],"defaultTo":null,"notNullable":false,"unsigned":false},{"name":"expires_at","type":"datetime","args":[{"useTz":false,"precision":6}],"defaultTo":null,"notNullable":false,"unsigned":false},{"name":"lifespan","type":"bigInteger","args":[],"defaultTo":null,"notNullable":false,"unsigned":false},{"name":"created_at","type":"datetime","args":[{"useTz":false,"precision":6}],"defaultTo":null,"notNullable":false,"unsigned":false},{"name":"updated_at","type":"datetime","args":[{"useTz":false,"precision":6}],"defaultTo":null,"notNullable":false,"unsigned":false},{"name":"created_by_id","type":"integer","args":[],"defaultTo":null,"notNullable":false,"unsigned":true},{"name":"updated_by_id","type":"integer","args":[],"defaultTo":null,"notNullable":false,"unsigned":true}]},{"name":"strapi_api_token_permissions","indexes":[{"name":"strapi_api_token_permissions_created_by_id_fk","columns":["created_by_id"]},{"name":"strapi_api_token_permissions_updated_by_id_fk","columns":["updated_by_id"]}],"foreignKeys":[{"name":"strapi_api_token_permissions_created_by_id_fk","columns":["created_by_id"],"referencedTable":"admin_users","referencedColumns":["id"],"onDelete":"SET NULL"},{"name":"strapi_api_token_permissions_updated_by_id_fk","columns":["updated_by_id"],"referencedTable":"admin_users","referencedColumns":["id"],"onDelete":"SET NULL"}],"columns":[{"name":"id","type":"increments","args":[{"primary":true,"primaryKey":true}],"defaultTo":null,"notNullable":true,"unsigned":false},{"name":"action","type":"string","args":[],"defaultTo":null,"notNullable":false,"unsigned":false},{"name":"created_at","type":"datetime","args":[{"useTz":false,"precision":6}],"defaultTo":null,"notNullable":false,"unsigned":false},{"name":"updated_at","type":"datetime","args":[{"useTz":false,"precision":6}],"defaultTo":null,"notNullable":false,"unsigned":false},{"name":"created_by_id","type":"integer","args":[],"defaultTo":null,"notNullable":false,"unsigned":true},{"name":"updated_by_id","type":"integer","args":[],"defaultTo":null,"notNullable":false,"unsigned":true}]},{"name":"strapi_transfer_tokens","indexes":[{"name":"strapi_transfer_tokens_created_by_id_fk","columns":["created_by_id"]},{"name":"strapi_transfer_tokens_updated_by_id_fk","columns":["updated_by_id"]}],"foreignKeys":[{"name":"strapi_transfer_tokens_created_by_id_fk","columns":["created_by_id"],"referencedTable":"admin_users","referencedColumns":["id"],"onDelete":"SET NULL"},{"name":"strapi_transfer_tokens_updated_by_id_fk","columns":["updated_by_id"],"referencedTable":"admin_users","referencedColumns":["id"],"onDelete":"SET NULL"}],"columns":[{"name":"id","type":"increments","args":[{"primary":true,"primaryKey":true}],"defaultTo":null,"notNullable":true,"unsigned":false},{"name":"name","type":"string","args":[],"defaultTo":null,"notNullable":false,"unsigned":false},{"name":"description","type":"string","args":[],"defaultTo":null,"notNullable":false,"unsigned":false},{"name":"access_key","type":"string","args":[],"defaultTo":null,"notNullable":false,"unsigned":false},{"name":"last_used_at","type":"datetime","args":[{"useTz":false,"precision":6}],"defaultTo":null,"notNullable":false,"unsigned":false},{"name":"expires_at","type":"datetime","args":[{"useTz":false,"precision":6}],"defaultTo":null,"notNullable":false,"unsigned":false},{"name":"lifespan","type":"bigInteger","args":[],"defaultTo":null,"notNullable":false,"unsigned":false},{"name":"created_at","type":"datetime","args":[{"useTz":false,"precision":6}],"defaultTo":null,"notNullable":false,"unsigned":false},{"name":"updated_at","type":"datetime","args":[{"useTz":false,"precision":6}],"defaultTo":null,"notNullable":false,"unsigned":false},{"name":"created_by_id","type":"integer","args":[],"defaultTo":null,"notNullable":false,"unsigned":true},{"name":"updated_by_id","type":"integer","args":[],"defaultTo":null,"notNullable":false,"unsigned":true}]},{"name":"strapi_transfer_token_permissions","indexes":[{"name":"strapi_transfer_token_permissions_created_by_id_fk","columns":["created_by_id"]},{"name":"strapi_transfer_token_permissions_updated_by_id_fk","columns":["updated_by_id"]}],"foreignKeys":[{"name":"strapi_transfer_token_permissions_created_by_id_fk","columns":["created_by_id"],"referencedTable":"admin_users","referencedColumns":["id"],"onDelete":"SET NULL"},{"name":"strapi_transfer_token_permissions_updated_by_id_fk","columns":["updated_by_id"],"referencedTable":"admin_users","referencedColumns":["id"],"onDelete":"SET NULL"}],"columns":[{"name":"id","type":"increments","args":[{"primary":true,"primaryKey":true}],"defaultTo":null,"notNullable":true,"unsigned":false},{"name":"action","type":"string","args":[],"defaultTo":null,"notNullable":false,"unsigned":false},{"name":"created_at","type":"datetime","args":[{"useTz":false,"precision":6}],"defaultTo":null,"notNullable":false,"unsigned":false},{"name":"updated_at","type":"datetime","args":[{"useTz":false,"precision":6}],"defaultTo":null,"notNullable":false,"unsigned":false},{"name":"created_by_id","type":"integer","args":[],"defaultTo":null,"notNullable":false,"unsigned":true},{"name":"updated_by_id","type":"integer","args":[],"defaultTo":null,"notNullable":false,"unsigned":true}]},{"name":"localizations","indexes":[{"name":"localizations_created_by_id_fk","columns":["created_by_id"]},{"name":"localizations_updated_by_id_fk","columns":["updated_by_id"]}],"foreignKeys":[{"name":"localizations_created_by_id_fk","columns":["created_by_id"],"referencedTable":"admin_users","referencedColumns":["id"],"onDelete":"SET NULL"},{"name":"localizations_updated_by_id_fk","columns":["updated_by_id"],"referencedTable":"admin_users","referencedColumns":["id"],"onDelete":"SET NULL"}],"columns":[{"name":"id","type":"increments","args":[{"primary":true,"primaryKey":true}],"defaultTo":null,"notNullable":true,"unsigned":false},{"name":"main","type":"jsonb","args":[],"defaultTo":null,"notNullable":false,"unsigned":false},{"name":"created_at","type":"datetime","args":[{"useTz":false,"precision":6}],"defaultTo":null,"notNullable":false,"unsigned":false},{"name":"updated_at","type":"datetime","args":[{"useTz":false,"precision":6}],"defaultTo":null,"notNullable":false,"unsigned":false},{"name":"created_by_id","type":"integer","args":[],"defaultTo":null,"notNullable":false,"unsigned":true},{"name":"updated_by_id","type":"integer","args":[],"defaultTo":null,"notNullable":false,"unsigned":true},{"name":"locale","type":"string","args":[],"defaultTo":null,"notNullable":false,"unsigned":false}]},{"name":"pages","indexes":[{"name":"pages_created_by_id_fk","columns":["created_by_id"]},{"name":"pages_updated_by_id_fk","columns":["updated_by_id"]}],"foreignKeys":[{"name":"pages_created_by_id_fk","columns":["created_by_id"],"referencedTable":"admin_users","referencedColumns":["id"],"onDelete":"SET NULL"},{"name":"pages_updated_by_id_fk","columns":["updated_by_id"],"referencedTable":"admin_users","referencedColumns":["id"],"onDelete":"SET NULL"}],"columns":[{"name":"id","type":"increments","args":[{"primary":true,"primaryKey":true}],"defaultTo":null,"notNullable":true,"unsigned":false},{"name":"internal_name","type":"string","args":[],"defaultTo":null,"notNullable":false,"unsigned":false},{"name":"created_at","type":"datetime","args":[{"useTz":false,"precision":6}],"defaultTo":null,"notNullable":false,"unsigned":false},{"name":"updated_at","type":"datetime","args":[{"useTz":false,"precision":6}],"defaultTo":null,"notNullable":false,"unsigned":false},{"name":"published_at","type":"datetime","args":[{"useTz":false,"precision":6}],"defaultTo":null,"notNullable":false,"unsigned":false},{"name":"created_by_id","type":"integer","args":[],"defaultTo":null,"notNullable":false,"unsigned":true},{"name":"updated_by_id","type":"integer","args":[],"defaultTo":null,"notNullable":false,"unsigned":true},{"name":"locale","type":"string","args":[],"defaultTo":null,"notNullable":false,"unsigned":false}]},{"name":"files","indexes":[{"name":"upload_files_folder_path_index","columns":["folder_path"],"type":null},{"name":"upload_files_created_at_index","columns":["created_at"],"type":null},{"name":"upload_files_updated_at_index","columns":["updated_at"],"type":null},{"name":"upload_files_name_index","columns":["name"],"type":null},{"name":"upload_files_size_index","columns":["size"],"type":null},{"name":"upload_files_ext_index","columns":["ext"],"type":null},{"name":"files_created_by_id_fk","columns":["created_by_id"]},{"name":"files_updated_by_id_fk","columns":["updated_by_id"]}],"foreignKeys":[{"name":"files_created_by_id_fk","columns":["created_by_id"],"referencedTable":"admin_users","referencedColumns":["id"],"onDelete":"SET NULL"},{"name":"files_updated_by_id_fk","columns":["updated_by_id"],"referencedTable":"admin_users","referencedColumns":["id"],"onDelete":"SET NULL"}],"columns":[{"name":"id","type":"increments","args":[{"primary":true,"primaryKey":true}],"defaultTo":null,"notNullable":true,"unsigned":false},{"name":"name","type":"string","args":[],"defaultTo":null,"notNullable":false,"unsigned":false},{"name":"alternative_text","type":"string","args":[],"defaultTo":null,"notNullable":false,"unsigned":false},{"name":"caption","type":"string","args":[],"defaultTo":null,"notNullable":false,"unsigned":false},{"name":"width","type":"integer","args":[],"defaultTo":null,"notNullable":false,"unsigned":false},{"name":"height","type":"integer","args":[],"defaultTo":null,"notNullable":false,"unsigned":false},{"name":"formats","type":"jsonb","args":[],"defaultTo":null,"notNullable":false,"unsigned":false},{"name":"hash","type":"string","args":[],"defaultTo":null,"notNullable":false,"unsigned":false},{"name":"ext","type":"string","args":[],"defaultTo":null,"notNullable":false,"unsigned":false},{"name":"mime","type":"string","args":[],"defaultTo":null,"notNullable":false,"unsigned":false},{"name":"size","type":"decimal","args":[10,2],"defaultTo":null,"notNullable":false,"unsigned":false},{"name":"url","type":"string","args":[],"defaultTo":null,"notNullable":false,"unsigned":false},{"name":"preview_url","type":"string","args":[],"defaultTo":null,"notNullable":false,"unsigned":false},{"name":"provider","type":"string","args":[],"defaultTo":null,"notNullable":false,"unsigned":false},{"name":"provider_metadata","type":"jsonb","args":[],"defaultTo":null,"notNullable":false,"unsigned":false},{"name":"folder_path","type":"string","args":[],"defaultTo":null,"notNullable":false,"unsigned":false},{"name":"created_at","type":"datetime","args":[{"useTz":false,"precision":6}],"defaultTo":null,"notNullable":false,"unsigned":false},{"name":"updated_at","type":"datetime","args":[{"useTz":false,"precision":6}],"defaultTo":null,"notNullable":false,"unsigned":false},{"name":"created_by_id","type":"integer","args":[],"defaultTo":null,"notNullable":false,"unsigned":true},{"name":"updated_by_id","type":"integer","args":[],"defaultTo":null,"notNullable":false,"unsigned":true}]},{"name":"upload_folders","indexes":[{"name":"upload_folders_path_id_index","columns":["path_id"],"type":"unique"},{"name":"upload_folders_path_index","columns":["path"],"type":"unique"},{"name":"upload_folders_created_by_id_fk","columns":["created_by_id"]},{"name":"upload_folders_updated_by_id_fk","columns":["updated_by_id"]}],"foreignKeys":[{"name":"upload_folders_created_by_id_fk","columns":["created_by_id"],"referencedTable":"admin_users","referencedColumns":["id"],"onDelete":"SET NULL"},{"name":"upload_folders_updated_by_id_fk","columns":["updated_by_id"],"referencedTable":"admin_users","referencedColumns":["id"],"onDelete":"SET NULL"}],"columns":[{"name":"id","type":"increments","args":[{"primary":true,"primaryKey":true}],"defaultTo":null,"notNullable":true,"unsigned":false},{"name":"name","type":"string","args":[],"defaultTo":null,"notNullable":false,"unsigned":false},{"name":"path_id","type":"integer","args":[],"defaultTo":null,"notNullable":false,"unsigned":false},{"name":"path","type":"string","args":[],"defaultTo":null,"notNullable":false,"unsigned":false},{"name":"created_at","type":"datetime","args":[{"useTz":false,"precision":6}],"defaultTo":null,"notNullable":false,"unsigned":false},{"name":"updated_at","type":"datetime","args":[{"useTz":false,"precision":6}],"defaultTo":null,"notNullable":false,"unsigned":false},{"name":"created_by_id","type":"integer","args":[],"defaultTo":null,"notNullable":false,"unsigned":true},{"name":"updated_by_id","type":"integer","args":[],"defaultTo":null,"notNullable":false,"unsigned":true}]},{"name":"strapi_releases","indexes":[{"name":"strapi_releases_created_by_id_fk","columns":["created_by_id"]},{"name":"strapi_releases_updated_by_id_fk","columns":["updated_by_id"]}],"foreignKeys":[{"name":"strapi_releases_created_by_id_fk","columns":["created_by_id"],"referencedTable":"admin_users","referencedColumns":["id"],"onDelete":"SET NULL"},{"name":"strapi_releases_updated_by_id_fk","columns":["updated_by_id"],"referencedTable":"admin_users","referencedColumns":["id"],"onDelete":"SET NULL"}],"columns":[{"name":"id","type":"increments","args":[{"primary":true,"primaryKey":true}],"defaultTo":null,"notNullable":true,"unsigned":false},{"name":"name","type":"string","args":[],"defaultTo":null,"notNullable":false,"unsigned":false},{"name":"released_at","type":"datetime","args":[{"useTz":false,"precision":6}],"defaultTo":null,"notNullable":false,"unsigned":false},{"name":"scheduled_at","type":"datetime","args":[{"useTz":false,"precision":6}],"defaultTo":null,"notNullable":false,"unsigned":false},{"name":"timezone","type":"string","args":[],"defaultTo":null,"notNullable":false,"unsigned":false},{"name":"status","type":"string","args":[],"defaultTo":null,"notNullable":false,"unsigned":false},{"name":"created_at","type":"datetime","args":[{"useTz":false,"precision":6}],"defaultTo":null,"notNullable":false,"unsigned":false},{"name":"updated_at","type":"datetime","args":[{"useTz":false,"precision":6}],"defaultTo":null,"notNullable":false,"unsigned":false},{"name":"created_by_id","type":"integer","args":[],"defaultTo":null,"notNullable":false,"unsigned":true},{"name":"updated_by_id","type":"integer","args":[],"defaultTo":null,"notNullable":false,"unsigned":true}]},{"name":"strapi_release_actions","indexes":[{"name":"strapi_release_actions_created_by_id_fk","columns":["created_by_id"]},{"name":"strapi_release_actions_updated_by_id_fk","columns":["updated_by_id"]}],"foreignKeys":[{"name":"strapi_release_actions_created_by_id_fk","columns":["created_by_id"],"referencedTable":"admin_users","referencedColumns":["id"],"onDelete":"SET NULL"},{"name":"strapi_release_actions_updated_by_id_fk","columns":["updated_by_id"],"referencedTable":"admin_users","referencedColumns":["id"],"onDelete":"SET NULL"}],"columns":[{"name":"id","type":"increments","args":[{"primary":true,"primaryKey":true}],"defaultTo":null,"notNullable":true,"unsigned":false},{"name":"type","type":"string","args":[],"defaultTo":null,"notNullable":false,"unsigned":false},{"name":"target_id","type":"integer","args":[],"defaultTo":null,"notNullable":false,"unsigned":true},{"name":"target_type","type":"string","args":[],"defaultTo":null,"notNullable":false,"unsigned":false},{"name":"content_type","type":"string","args":[],"defaultTo":null,"notNullable":false,"unsigned":false},{"name":"locale","type":"string","args":[],"defaultTo":null,"notNullable":false,"unsigned":false},{"name":"is_entry_valid","type":"boolean","args":[],"defaultTo":null,"notNullable":false,"unsigned":false},{"name":"created_at","type":"datetime","args":[{"useTz":false,"precision":6}],"defaultTo":null,"notNullable":false,"unsigned":false},{"name":"updated_at","type":"datetime","args":[{"useTz":false,"precision":6}],"defaultTo":null,"notNullable":false,"unsigned":false},{"name":"created_by_id","type":"integer","args":[],"defaultTo":null,"notNullable":false,"unsigned":true},{"name":"updated_by_id","type":"integer","args":[],"defaultTo":null,"notNullable":false,"unsigned":true}]},{"name":"i18n_locale","indexes":[{"name":"i18n_locale_created_by_id_fk","columns":["created_by_id"]},{"name":"i18n_locale_updated_by_id_fk","columns":["updated_by_id"]}],"foreignKeys":[{"name":"i18n_locale_created_by_id_fk","columns":["created_by_id"],"referencedTable":"admin_users","referencedColumns":["id"],"onDelete":"SET NULL"},{"name":"i18n_locale_updated_by_id_fk","columns":["updated_by_id"],"referencedTable":"admin_users","referencedColumns":["id"],"onDelete":"SET NULL"}],"columns":[{"name":"id","type":"increments","args":[{"primary":true,"primaryKey":true}],"defaultTo":null,"notNullable":true,"unsigned":false},{"name":"name","type":"string","args":[],"defaultTo":null,"notNullable":false,"unsigned":false},{"name":"code","type":"string","args":[],"defaultTo":null,"notNullable":false,"unsigned":false},{"name":"created_at","type":"datetime","args":[{"useTz":false,"precision":6}],"defaultTo":null,"notNullable":false,"unsigned":false},{"name":"updated_at","type":"datetime","args":[{"useTz":false,"precision":6}],"defaultTo":null,"notNullable":false,"unsigned":false},{"name":"created_by_id","type":"integer","args":[],"defaultTo":null,"notNullable":false,"unsigned":true},{"name":"updated_by_id","type":"integer","args":[],"defaultTo":null,"notNullable":false,"unsigned":true}]},{"name":"up_permissions","indexes":[{"name":"up_permissions_created_by_id_fk","columns":["created_by_id"]},{"name":"up_permissions_updated_by_id_fk","columns":["updated_by_id"]}],"foreignKeys":[{"name":"up_permissions_created_by_id_fk","columns":["created_by_id"],"referencedTable":"admin_users","referencedColumns":["id"],"onDelete":"SET NULL"},{"name":"up_permissions_updated_by_id_fk","columns":["updated_by_id"],"referencedTable":"admin_users","referencedColumns":["id"],"onDelete":"SET NULL"}],"columns":[{"name":"id","type":"increments","args":[{"primary":true,"primaryKey":true}],"defaultTo":null,"notNullable":true,"unsigned":false},{"name":"action","type":"string","args":[],"defaultTo":null,"notNullable":false,"unsigned":false},{"name":"created_at","type":"datetime","args":[{"useTz":false,"precision":6}],"defaultTo":null,"notNullable":false,"unsigned":false},{"name":"updated_at","type":"datetime","args":[{"useTz":false,"precision":6}],"defaultTo":null,"notNullable":false,"unsigned":false},{"name":"created_by_id","type":"integer","args":[],"defaultTo":null,"notNullable":false,"unsigned":true},{"name":"updated_by_id","type":"integer","args":[],"defaultTo":null,"notNullable":false,"unsigned":true}]},{"name":"up_roles","indexes":[{"name":"up_roles_created_by_id_fk","columns":["created_by_id"]},{"name":"up_roles_updated_by_id_fk","columns":["updated_by_id"]}],"foreignKeys":[{"name":"up_roles_created_by_id_fk","columns":["created_by_id"],"referencedTable":"admin_users","referencedColumns":["id"],"onDelete":"SET NULL"},{"name":"up_roles_updated_by_id_fk","columns":["updated_by_id"],"referencedTable":"admin_users","referencedColumns":["id"],"onDelete":"SET NULL"}],"columns":[{"name":"id","type":"increments","args":[{"primary":true,"primaryKey":true}],"defaultTo":null,"notNullable":true,"unsigned":false},{"name":"name","type":"string","args":[],"defaultTo":null,"notNullable":false,"unsigned":false},{"name":"description","type":"string","args":[],"defaultTo":null,"notNullable":false,"unsigned":false},{"name":"type","type":"string","args":[],"defaultTo":null,"notNullable":false,"unsigned":false},{"name":"created_at","type":"datetime","args":[{"useTz":false,"precision":6}],"defaultTo":null,"notNullable":false,"unsigned":false},{"name":"updated_at","type":"datetime","args":[{"useTz":false,"precision":6}],"defaultTo":null,"notNullable":false,"unsigned":false},{"name":"created_by_id","type":"integer","args":[],"defaultTo":null,"notNullable":false,"unsigned":true},{"name":"updated_by_id","type":"integer","args":[],"defaultTo":null,"notNullable":false,"unsigned":true}]},{"name":"up_users","indexes":[{"name":"up_users_created_by_id_fk","columns":["created_by_id"]},{"name":"up_users_updated_by_id_fk","columns":["updated_by_id"]}],"foreignKeys":[{"name":"up_users_created_by_id_fk","columns":["created_by_id"],"referencedTable":"admin_users","referencedColumns":["id"],"onDelete":"SET NULL"},{"name":"up_users_updated_by_id_fk","columns":["updated_by_id"],"referencedTable":"admin_users","referencedColumns":["id"],"onDelete":"SET NULL"}],"columns":[{"name":"id","type":"increments","args":[{"primary":true,"primaryKey":true}],"defaultTo":null,"notNullable":true,"unsigned":false},{"name":"username","type":"string","args":[],"defaultTo":null,"notNullable":false,"unsigned":false},{"name":"email","type":"string","args":[],"defaultTo":null,"notNullable":false,"unsigned":false},{"name":"provider","type":"string","args":[],"defaultTo":null,"notNullable":false,"unsigned":false},{"name":"password","type":"string","args":[],"defaultTo":null,"notNullable":false,"unsigned":false},{"name":"reset_password_token","type":"string","args":[],"defaultTo":null,"notNullable":false,"unsigned":false},{"name":"confirmation_token","type":"string","args":[],"defaultTo":null,"notNullable":false,"unsigned":false},{"name":"confirmed","type":"boolean","args":[],"defaultTo":null,"notNullable":false,"unsigned":false},{"name":"blocked","type":"boolean","args":[],"defaultTo":null,"notNullable":false,"unsigned":false},{"name":"created_at","type":"datetime","args":[{"useTz":false,"precision":6}],"defaultTo":null,"notNullable":false,"unsigned":false},{"name":"updated_at","type":"datetime","args":[{"useTz":false,"precision":6}],"defaultTo":null,"notNullable":false,"unsigned":false},{"name":"created_by_id","type":"integer","args":[],"defaultTo":null,"notNullable":false,"unsigned":true},{"name":"updated_by_id","type":"integer","args":[],"defaultTo":null,"notNullable":false,"unsigned":true}]},{"name":"components_shared_seos","indexes":[],"foreignKeys":[],"columns":[{"name":"id","type":"increments","args":[{"primary":true,"primaryKey":true}],"defaultTo":null,"notNullable":true,"unsigned":false},{"name":"meta_title","type":"string","args":[],"defaultTo":null,"notNullable":false,"unsigned":false},{"name":"meta_description","type":"string","args":[],"defaultTo":null,"notNullable":false,"unsigned":false},{"name":"keywords","type":"text","args":["longtext"],"defaultTo":null,"notNullable":false,"unsigned":false},{"name":"meta_robots","type":"string","args":[],"defaultTo":null,"notNullable":false,"unsigned":false},{"name":"structured_data","type":"jsonb","args":[],"defaultTo":null,"notNullable":false,"unsigned":false},{"name":"meta_viewport","type":"string","args":[],"defaultTo":null,"notNullable":false,"unsigned":false},{"name":"canonical_url","type":"string","args":[],"defaultTo":null,"notNullable":false,"unsigned":false}]},{"name":"components_shared_meta_socials","indexes":[],"foreignKeys":[],"columns":[{"name":"id","type":"increments","args":[{"primary":true,"primaryKey":true}],"defaultTo":null,"notNullable":true,"unsigned":false},{"name":"social_network","type":"string","args":[],"defaultTo":null,"notNullable":false,"unsigned":false},{"name":"title","type":"string","args":[],"defaultTo":null,"notNullable":false,"unsigned":false},{"name":"description","type":"string","args":[],"defaultTo":null,"notNullable":false,"unsigned":false}]},{"name":"components_blocks_page_standarts","indexes":[],"foreignKeys":[],"columns":[{"name":"id","type":"increments","args":[{"primary":true,"primaryKey":true}],"defaultTo":null,"notNullable":true,"unsigned":false},{"name":"slug","type":"string","args":[],"defaultTo":null,"notNullable":false,"unsigned":false}]},{"name":"components_blocks_page_blogs","indexes":[],"foreignKeys":[],"columns":[{"name":"id","type":"increments","args":[{"primary":true,"primaryKey":true}],"defaultTo":null,"notNullable":true,"unsigned":false},{"name":"slug","type":"string","args":[],"defaultTo":null,"notNullable":false,"unsigned":false}]},{"name":"components_blocks_banners","indexes":[],"foreignKeys":[],"columns":[{"name":"id","type":"increments","args":[{"primary":true,"primaryKey":true}],"defaultTo":null,"notNullable":true,"unsigned":false}]},{"name":"components_shared_buttons","indexes":[],"foreignKeys":[],"columns":[{"name":"id","type":"increments","args":[{"primary":true,"primaryKey":true}],"defaultTo":null,"notNullable":true,"unsigned":false},{"name":"text","type":"string","args":[],"defaultTo":null,"notNullable":false,"unsigned":false}]},{"name":"components_components_banner_slides","indexes":[],"foreignKeys":[],"columns":[{"name":"id","type":"increments","args":[{"primary":true,"primaryKey":true}],"defaultTo":null,"notNullable":true,"unsigned":false},{"name":"title","type":"string","args":[],"defaultTo":null,"notNullable":false,"unsigned":false},{"name":"description","type":"text","args":["longtext"],"defaultTo":null,"notNullable":false,"unsigned":false}]},{"name":"admin_permissions_role_links","indexes":[{"name":"admin_permissions_role_links_fk","columns":["permission_id"]},{"name":"admin_permissions_role_links_inv_fk","columns":["role_id"]},{"name":"admin_permissions_role_links_unique","columns":["permission_id","role_id"],"type":"unique"},{"name":"admin_permissions_role_links_order_inv_fk","columns":["permission_order"]}],"foreignKeys":[{"name":"admin_permissions_role_links_fk","columns":["permission_id"],"referencedColumns":["id"],"referencedTable":"admin_permissions","onDelete":"CASCADE"},{"name":"admin_permissions_role_links_inv_fk","columns":["role_id"],"referencedColumns":["id"],"referencedTable":"admin_roles","onDelete":"CASCADE"}],"columns":[{"name":"id","type":"increments","args":[{"primary":true,"primaryKey":true}],"defaultTo":null,"notNullable":true,"unsigned":false},{"name":"permission_id","type":"integer","args":[],"defaultTo":null,"notNullable":false,"unsigned":true},{"name":"role_id","type":"integer","args":[],"defaultTo":null,"notNullable":false,"unsigned":true},{"name":"permission_order","type":"double","args":[],"defaultTo":null,"notNullable":false,"unsigned":true}]},{"name":"admin_users_roles_links","indexes":[{"name":"admin_users_roles_links_fk","columns":["user_id"]},{"name":"admin_users_roles_links_inv_fk","columns":["role_id"]},{"name":"admin_users_roles_links_unique","columns":["user_id","role_id"],"type":"unique"},{"name":"admin_users_roles_links_order_fk","columns":["role_order"]},{"name":"admin_users_roles_links_order_inv_fk","columns":["user_order"]}],"foreignKeys":[{"name":"admin_users_roles_links_fk","columns":["user_id"],"referencedColumns":["id"],"referencedTable":"admin_users","onDelete":"CASCADE"},{"name":"admin_users_roles_links_inv_fk","columns":["role_id"],"referencedColumns":["id"],"referencedTable":"admin_roles","onDelete":"CASCADE"}],"columns":[{"name":"id","type":"increments","args":[{"primary":true,"primaryKey":true}],"defaultTo":null,"notNullable":true,"unsigned":false},{"name":"user_id","type":"integer","args":[],"defaultTo":null,"notNullable":false,"unsigned":true},{"name":"role_id","type":"integer","args":[],"defaultTo":null,"notNullable":false,"unsigned":true},{"name":"role_order","type":"double","args":[],"defaultTo":null,"notNullable":false,"unsigned":true},{"name":"user_order","type":"double","args":[],"defaultTo":null,"notNullable":false,"unsigned":true}]},{"name":"strapi_api_token_permissions_token_links","indexes":[{"name":"strapi_api_token_permissions_token_links_fk","columns":["api_token_permission_id"]},{"name":"strapi_api_token_permissions_token_links_inv_fk","columns":["api_token_id"]},{"name":"strapi_api_token_permissions_token_links_unique","columns":["api_token_permission_id","api_token_id"],"type":"unique"},{"name":"strapi_api_token_permissions_token_links_order_inv_fk","columns":["api_token_permission_order"]}],"foreignKeys":[{"name":"strapi_api_token_permissions_token_links_fk","columns":["api_token_permission_id"],"referencedColumns":["id"],"referencedTable":"strapi_api_token_permissions","onDelete":"CASCADE"},{"name":"strapi_api_token_permissions_token_links_inv_fk","columns":["api_token_id"],"referencedColumns":["id"],"referencedTable":"strapi_api_tokens","onDelete":"CASCADE"}],"columns":[{"name":"id","type":"increments","args":[{"primary":true,"primaryKey":true}],"defaultTo":null,"notNullable":true,"unsigned":false},{"name":"api_token_permission_id","type":"integer","args":[],"defaultTo":null,"notNullable":false,"unsigned":true},{"name":"api_token_id","type":"integer","args":[],"defaultTo":null,"notNullable":false,"unsigned":true},{"name":"api_token_permission_order","type":"double","args":[],"defaultTo":null,"notNullable":false,"unsigned":true}]},{"name":"strapi_transfer_token_permissions_token_links","indexes":[{"name":"strapi_transfer_token_permissions_token_links_fk","columns":["transfer_token_permission_id"]},{"name":"strapi_transfer_token_permissions_token_links_inv_fk","columns":["transfer_token_id"]},{"name":"strapi_transfer_token_permissions_token_links_unique","columns":["transfer_token_permission_id","transfer_token_id"],"type":"unique"},{"name":"strapi_transfer_token_permissions_token_links_order_inv_fk","columns":["transfer_token_permission_order"]}],"foreignKeys":[{"name":"strapi_transfer_token_permissions_token_links_fk","columns":["transfer_token_permission_id"],"referencedColumns":["id"],"referencedTable":"strapi_transfer_token_permissions","onDelete":"CASCADE"},{"name":"strapi_transfer_token_permissions_token_links_inv_fk","columns":["transfer_token_id"],"referencedColumns":["id"],"referencedTable":"strapi_transfer_tokens","onDelete":"CASCADE"}],"columns":[{"name":"id","type":"increments","args":[{"primary":true,"primaryKey":true}],"defaultTo":null,"notNullable":true,"unsigned":false},{"name":"transfer_token_permission_id","type":"integer","args":[],"defaultTo":null,"notNullable":false,"unsigned":true},{"name":"transfer_token_id","type":"integer","args":[],"defaultTo":null,"notNullable":false,"unsigned":true},{"name":"transfer_token_permission_order","type":"double","args":[],"defaultTo":null,"notNullable":false,"unsigned":true}]},{"name":"localizations_localizations_links","indexes":[{"name":"localizations_localizations_links_fk","columns":["localization_id"]},{"name":"localizations_localizations_links_inv_fk","columns":["inv_localization_id"]},{"name":"localizations_localizations_links_unique","columns":["localization_id","inv_localization_id"],"type":"unique"},{"name":"localizations_localizations_links_order_fk","columns":["localization_order"]}],"foreignKeys":[{"name":"localizations_localizations_links_fk","columns":["localization_id"],"referencedColumns":["id"],"referencedTable":"localizations","onDelete":"CASCADE"},{"name":"localizations_localizations_links_inv_fk","columns":["inv_localization_id"],"referencedColumns":["id"],"referencedTable":"localizations","onDelete":"CASCADE"}],"columns":[{"name":"id","type":"increments","args":[{"primary":true,"primaryKey":true}],"defaultTo":null,"notNullable":true,"unsigned":false},{"name":"localization_id","type":"integer","args":[],"defaultTo":null,"notNullable":false,"unsigned":true},{"name":"inv_localization_id","type":"integer","args":[],"defaultTo":null,"notNullable":false,"unsigned":true},{"name":"localization_order","type":"double","args":[],"defaultTo":null,"notNullable":false,"unsigned":true}]},{"name":"pages_components","indexes":[{"name":"pages_field_index","columns":["field"]},{"name":"pages_component_type_index","columns":["component_type"]},{"name":"pages_entity_fk","columns":["entity_id"]},{"name":"pages_unique","columns":["entity_id","component_id","field","component_type"],"type":"unique"}],"foreignKeys":[{"name":"pages_entity_fk","columns":["entity_id"],"referencedColumns":["id"],"referencedTable":"pages","onDelete":"CASCADE"}],"columns":[{"name":"id","type":"increments","args":[{"primary":true,"primaryKey":true}],"defaultTo":null,"notNullable":true,"unsigned":false},{"name":"entity_id","type":"integer","args":[],"defaultTo":null,"notNullable":false,"unsigned":true},{"name":"component_id","type":"integer","args":[],"defaultTo":null,"notNullable":false,"unsigned":true},{"name":"component_type","type":"string","args":[],"defaultTo":null,"notNullable":false,"unsigned":false},{"name":"field","type":"string","args":[],"defaultTo":null,"notNullable":false,"unsigned":false},{"name":"order","type":"double","args":[],"defaultTo":null,"notNullable":false,"unsigned":true}]},{"name":"pages_localizations_links","indexes":[{"name":"pages_localizations_links_fk","columns":["page_id"]},{"name":"pages_localizations_links_inv_fk","columns":["inv_page_id"]},{"name":"pages_localizations_links_unique","columns":["page_id","inv_page_id"],"type":"unique"},{"name":"pages_localizations_links_order_fk","columns":["page_order"]}],"foreignKeys":[{"name":"pages_localizations_links_fk","columns":["page_id"],"referencedColumns":["id"],"referencedTable":"pages","onDelete":"CASCADE"},{"name":"pages_localizations_links_inv_fk","columns":["inv_page_id"],"referencedColumns":["id"],"referencedTable":"pages","onDelete":"CASCADE"}],"columns":[{"name":"id","type":"increments","args":[{"primary":true,"primaryKey":true}],"defaultTo":null,"notNullable":true,"unsigned":false},{"name":"page_id","type":"integer","args":[],"defaultTo":null,"notNullable":false,"unsigned":true},{"name":"inv_page_id","type":"integer","args":[],"defaultTo":null,"notNullable":false,"unsigned":true},{"name":"page_order","type":"double","args":[],"defaultTo":null,"notNullable":false,"unsigned":true}]},{"name":"files_related_morphs","indexes":[{"name":"files_related_morphs_fk","columns":["file_id"]},{"name":"files_related_morphs_order_index","columns":["order"]},{"name":"files_related_morphs_id_column_index","columns":["related_id"]}],"foreignKeys":[{"name":"files_related_morphs_fk","columns":["file_id"],"referencedColumns":["id"],"referencedTable":"files","onDelete":"CASCADE"}],"columns":[{"name":"id","type":"increments","args":[{"primary":true,"primaryKey":true}],"defaultTo":null,"notNullable":true,"unsigned":false},{"name":"file_id","type":"integer","args":[],"defaultTo":null,"notNullable":false,"unsigned":true},{"name":"related_id","type":"integer","args":[],"defaultTo":null,"notNullable":false,"unsigned":true},{"name":"related_type","type":"string","args":[],"defaultTo":null,"notNullable":false,"unsigned":false},{"name":"field","type":"string","args":[],"defaultTo":null,"notNullable":false,"unsigned":false},{"name":"order","type":"double","args":[],"defaultTo":null,"notNullable":false,"unsigned":true}]},{"name":"files_folder_links","indexes":[{"name":"files_folder_links_fk","columns":["file_id"]},{"name":"files_folder_links_inv_fk","columns":["folder_id"]},{"name":"files_folder_links_unique","columns":["file_id","folder_id"],"type":"unique"},{"name":"files_folder_links_order_inv_fk","columns":["file_order"]}],"foreignKeys":[{"name":"files_folder_links_fk","columns":["file_id"],"referencedColumns":["id"],"referencedTable":"files","onDelete":"CASCADE"},{"name":"files_folder_links_inv_fk","columns":["folder_id"],"referencedColumns":["id"],"referencedTable":"upload_folders","onDelete":"CASCADE"}],"columns":[{"name":"id","type":"increments","args":[{"primary":true,"primaryKey":true}],"defaultTo":null,"notNullable":true,"unsigned":false},{"name":"file_id","type":"integer","args":[],"defaultTo":null,"notNullable":false,"unsigned":true},{"name":"folder_id","type":"integer","args":[],"defaultTo":null,"notNullable":false,"unsigned":true},{"name":"file_order","type":"double","args":[],"defaultTo":null,"notNullable":false,"unsigned":true}]},{"name":"upload_folders_parent_links","indexes":[{"name":"upload_folders_parent_links_fk","columns":["folder_id"]},{"name":"upload_folders_parent_links_inv_fk","columns":["inv_folder_id"]},{"name":"upload_folders_parent_links_unique","columns":["folder_id","inv_folder_id"],"type":"unique"},{"name":"upload_folders_parent_links_order_inv_fk","columns":["folder_order"]}],"foreignKeys":[{"name":"upload_folders_parent_links_fk","columns":["folder_id"],"referencedColumns":["id"],"referencedTable":"upload_folders","onDelete":"CASCADE"},{"name":"upload_folders_parent_links_inv_fk","columns":["inv_folder_id"],"referencedColumns":["id"],"referencedTable":"upload_folders","onDelete":"CASCADE"}],"columns":[{"name":"id","type":"increments","args":[{"primary":true,"primaryKey":true}],"defaultTo":null,"notNullable":true,"unsigned":false},{"name":"folder_id","type":"integer","args":[],"defaultTo":null,"notNullable":false,"unsigned":true},{"name":"inv_folder_id","type":"integer","args":[],"defaultTo":null,"notNullable":false,"unsigned":true},{"name":"folder_order","type":"double","args":[],"defaultTo":null,"notNullable":false,"unsigned":true}]},{"name":"strapi_release_actions_release_links","indexes":[{"name":"strapi_release_actions_release_links_fk","columns":["release_action_id"]},{"name":"strapi_release_actions_release_links_inv_fk","columns":["release_id"]},{"name":"strapi_release_actions_release_links_unique","columns":["release_action_id","release_id"],"type":"unique"},{"name":"strapi_release_actions_release_links_order_inv_fk","columns":["release_action_order"]}],"foreignKeys":[{"name":"strapi_release_actions_release_links_fk","columns":["release_action_id"],"referencedColumns":["id"],"referencedTable":"strapi_release_actions","onDelete":"CASCADE"},{"name":"strapi_release_actions_release_links_inv_fk","columns":["release_id"],"referencedColumns":["id"],"referencedTable":"strapi_releases","onDelete":"CASCADE"}],"columns":[{"name":"id","type":"increments","args":[{"primary":true,"primaryKey":true}],"defaultTo":null,"notNullable":true,"unsigned":false},{"name":"release_action_id","type":"integer","args":[],"defaultTo":null,"notNullable":false,"unsigned":true},{"name":"release_id","type":"integer","args":[],"defaultTo":null,"notNullable":false,"unsigned":true},{"name":"release_action_order","type":"double","args":[],"defaultTo":null,"notNullable":false,"unsigned":true}]},{"name":"up_permissions_role_links","indexes":[{"name":"up_permissions_role_links_fk","columns":["permission_id"]},{"name":"up_permissions_role_links_inv_fk","columns":["role_id"]},{"name":"up_permissions_role_links_unique","columns":["permission_id","role_id"],"type":"unique"},{"name":"up_permissions_role_links_order_inv_fk","columns":["permission_order"]}],"foreignKeys":[{"name":"up_permissions_role_links_fk","columns":["permission_id"],"referencedColumns":["id"],"referencedTable":"up_permissions","onDelete":"CASCADE"},{"name":"up_permissions_role_links_inv_fk","columns":["role_id"],"referencedColumns":["id"],"referencedTable":"up_roles","onDelete":"CASCADE"}],"columns":[{"name":"id","type":"increments","args":[{"primary":true,"primaryKey":true}],"defaultTo":null,"notNullable":true,"unsigned":false},{"name":"permission_id","type":"integer","args":[],"defaultTo":null,"notNullable":false,"unsigned":true},{"name":"role_id","type":"integer","args":[],"defaultTo":null,"notNullable":false,"unsigned":true},{"name":"permission_order","type":"double","args":[],"defaultTo":null,"notNullable":false,"unsigned":true}]},{"name":"up_users_role_links","indexes":[{"name":"up_users_role_links_fk","columns":["user_id"]},{"name":"up_users_role_links_inv_fk","columns":["role_id"]},{"name":"up_users_role_links_unique","columns":["user_id","role_id"],"type":"unique"},{"name":"up_users_role_links_order_inv_fk","columns":["user_order"]}],"foreignKeys":[{"name":"up_users_role_links_fk","columns":["user_id"],"referencedColumns":["id"],"referencedTable":"up_users","onDelete":"CASCADE"},{"name":"up_users_role_links_inv_fk","columns":["role_id"],"referencedColumns":["id"],"referencedTable":"up_roles","onDelete":"CASCADE"}],"columns":[{"name":"id","type":"increments","args":[{"primary":true,"primaryKey":true}],"defaultTo":null,"notNullable":true,"unsigned":false},{"name":"user_id","type":"integer","args":[],"defaultTo":null,"notNullable":false,"unsigned":true},{"name":"role_id","type":"integer","args":[],"defaultTo":null,"notNullable":false,"unsigned":true},{"name":"user_order","type":"double","args":[],"defaultTo":null,"notNullable":false,"unsigned":true}]},{"name":"components_shared_seos_components","indexes":[{"name":"components_shared_seos_field_index","columns":["field"]},{"name":"components_shared_seos_component_type_index","columns":["component_type"]},{"name":"components_shared_seos_entity_fk","columns":["entity_id"]},{"name":"components_shared_seos_unique","columns":["entity_id","component_id","field","component_type"],"type":"unique"}],"foreignKeys":[{"name":"components_shared_seos_entity_fk","columns":["entity_id"],"referencedColumns":["id"],"referencedTable":"components_shared_seos","onDelete":"CASCADE"}],"columns":[{"name":"id","type":"increments","args":[{"primary":true,"primaryKey":true}],"defaultTo":null,"notNullable":true,"unsigned":false},{"name":"entity_id","type":"integer","args":[],"defaultTo":null,"notNullable":false,"unsigned":true},{"name":"component_id","type":"integer","args":[],"defaultTo":null,"notNullable":false,"unsigned":true},{"name":"component_type","type":"string","args":[],"defaultTo":null,"notNullable":false,"unsigned":false},{"name":"field","type":"string","args":[],"defaultTo":null,"notNullable":false,"unsigned":false},{"name":"order","type":"double","args":[],"defaultTo":null,"notNullable":false,"unsigned":true}]},{"name":"components_blocks_banners_components","indexes":[{"name":"components_blocks_banners_field_index","columns":["field"]},{"name":"components_blocks_banners_component_type_index","columns":["component_type"]},{"name":"components_blocks_banners_entity_fk","columns":["entity_id"]},{"name":"components_blocks_banners_unique","columns":["entity_id","component_id","field","component_type"],"type":"unique"}],"foreignKeys":[{"name":"components_blocks_banners_entity_fk","columns":["entity_id"],"referencedColumns":["id"],"referencedTable":"components_blocks_banners","onDelete":"CASCADE"}],"columns":[{"name":"id","type":"increments","args":[{"primary":true,"primaryKey":true}],"defaultTo":null,"notNullable":true,"unsigned":false},{"name":"entity_id","type":"integer","args":[],"defaultTo":null,"notNullable":false,"unsigned":true},{"name":"component_id","type":"integer","args":[],"defaultTo":null,"notNullable":false,"unsigned":true},{"name":"component_type","type":"string","args":[],"defaultTo":null,"notNullable":false,"unsigned":false},{"name":"field","type":"string","args":[],"defaultTo":null,"notNullable":false,"unsigned":false},{"name":"order","type":"double","args":[],"defaultTo":null,"notNullable":false,"unsigned":true}]},{"name":"components_components_banner_slides_components","indexes":[{"name":"components_components_banner_slides_field_index","columns":["field"]},{"name":"components_components_banner_slides_component_type_index","columns":["component_type"]},{"name":"components_components_banner_slides_entity_fk","columns":["entity_id"]},{"name":"components_components_banner_slides_unique","columns":["entity_id","component_id","field","component_type"],"type":"unique"}],"foreignKeys":[{"name":"components_components_banner_slides_entity_fk","columns":["entity_id"],"referencedColumns":["id"],"referencedTable":"components_components_banner_slides","onDelete":"CASCADE"}],"columns":[{"name":"id","type":"increments","args":[{"primary":true,"primaryKey":true}],"defaultTo":null,"notNullable":true,"unsigned":false},{"name":"entity_id","type":"integer","args":[],"defaultTo":null,"notNullable":false,"unsigned":true},{"name":"component_id","type":"integer","args":[],"defaultTo":null,"notNullable":false,"unsigned":true},{"name":"component_type","type":"string","args":[],"defaultTo":null,"notNullable":false,"unsigned":false},{"name":"field","type":"string","args":[],"defaultTo":null,"notNullable":false,"unsigned":false},{"name":"order","type":"double","args":[],"defaultTo":null,"notNullable":false,"unsigned":true}]}]}	2024-09-30 11:12:24.353	42e7ebeeec21498d14910243f7d2a1c3
\.


--
-- Data for Name: strapi_migrations; Type: TABLE DATA; Schema: public; Owner: postgres
--

COPY public.strapi_migrations (id, name, "time") FROM stdin;
\.


--
-- Data for Name: strapi_release_actions; Type: TABLE DATA; Schema: public; Owner: postgres
--

COPY public.strapi_release_actions (id, type, target_id, target_type, content_type, locale, is_entry_valid, created_at, updated_at, created_by_id, updated_by_id) FROM stdin;
\.


--
-- Data for Name: strapi_release_actions_release_links; Type: TABLE DATA; Schema: public; Owner: postgres
--

COPY public.strapi_release_actions_release_links (id, release_action_id, release_id, release_action_order) FROM stdin;
\.


--
-- Data for Name: strapi_releases; Type: TABLE DATA; Schema: public; Owner: postgres
--

COPY public.strapi_releases (id, name, released_at, scheduled_at, timezone, status, created_at, updated_at, created_by_id, updated_by_id) FROM stdin;
\.


--
-- Data for Name: strapi_transfer_token_permissions; Type: TABLE DATA; Schema: public; Owner: postgres
--

COPY public.strapi_transfer_token_permissions (id, action, created_at, updated_at, created_by_id, updated_by_id) FROM stdin;
\.


--
-- Data for Name: strapi_transfer_token_permissions_token_links; Type: TABLE DATA; Schema: public; Owner: postgres
--

COPY public.strapi_transfer_token_permissions_token_links (id, transfer_token_permission_id, transfer_token_id, transfer_token_permission_order) FROM stdin;
\.


--
-- Data for Name: strapi_transfer_tokens; Type: TABLE DATA; Schema: public; Owner: postgres
--

COPY public.strapi_transfer_tokens (id, name, description, access_key, last_used_at, expires_at, lifespan, created_at, updated_at, created_by_id, updated_by_id) FROM stdin;
\.


--
-- Data for Name: strapi_webhooks; Type: TABLE DATA; Schema: public; Owner: postgres
--

COPY public.strapi_webhooks (id, name, url, headers, events, enabled) FROM stdin;
\.


--
-- Data for Name: up_permissions; Type: TABLE DATA; Schema: public; Owner: postgres
--

COPY public.up_permissions (id, action, created_at, updated_at, created_by_id, updated_by_id) FROM stdin;
1	plugin::users-permissions.user.me	2024-09-28 12:31:31.566	2024-09-28 12:31:31.566	\N	\N
2	plugin::users-permissions.auth.changePassword	2024-09-28 12:31:31.566	2024-09-28 12:31:31.566	\N	\N
3	plugin::users-permissions.auth.callback	2024-09-28 12:31:31.583	2024-09-28 12:31:31.583	\N	\N
4	plugin::users-permissions.auth.connect	2024-09-28 12:31:31.583	2024-09-28 12:31:31.583	\N	\N
5	plugin::users-permissions.auth.forgotPassword	2024-09-28 12:31:31.583	2024-09-28 12:31:31.583	\N	\N
6	plugin::users-permissions.auth.resetPassword	2024-09-28 12:31:31.583	2024-09-28 12:31:31.583	\N	\N
7	plugin::users-permissions.auth.register	2024-09-28 12:31:31.583	2024-09-28 12:31:31.583	\N	\N
8	plugin::users-permissions.auth.emailConfirmation	2024-09-28 12:31:31.583	2024-09-28 12:31:31.583	\N	\N
9	plugin::users-permissions.auth.sendEmailConfirmation	2024-09-28 12:31:31.583	2024-09-28 12:31:31.583	\N	\N
\.


--
-- Data for Name: up_permissions_role_links; Type: TABLE DATA; Schema: public; Owner: postgres
--

COPY public.up_permissions_role_links (id, permission_id, role_id, permission_order) FROM stdin;
1	1	1	1
2	2	1	1
3	3	2	1
4	4	2	1
5	5	2	1
6	6	2	1
7	7	2	1
8	8	2	1
9	9	2	1
\.


--
-- Data for Name: up_roles; Type: TABLE DATA; Schema: public; Owner: postgres
--

COPY public.up_roles (id, name, description, type, created_at, updated_at, created_by_id, updated_by_id) FROM stdin;
1	Authenticated	Default role given to authenticated user.	authenticated	2024-09-28 12:31:31.548	2024-09-28 12:31:31.548	\N	\N
2	Public	Default role given to unauthenticated user.	public	2024-09-28 12:31:31.555	2024-09-28 12:31:31.555	\N	\N
\.


--
-- Data for Name: up_users; Type: TABLE DATA; Schema: public; Owner: postgres
--

COPY public.up_users (id, username, email, provider, password, reset_password_token, confirmation_token, confirmed, blocked, created_at, updated_at, created_by_id, updated_by_id) FROM stdin;
\.


--
-- Data for Name: up_users_role_links; Type: TABLE DATA; Schema: public; Owner: postgres
--

COPY public.up_users_role_links (id, user_id, role_id, user_order) FROM stdin;
\.


--
-- Data for Name: upload_folders; Type: TABLE DATA; Schema: public; Owner: postgres
--

COPY public.upload_folders (id, name, path_id, path, created_at, updated_at, created_by_id, updated_by_id) FROM stdin;
\.


--
-- Data for Name: upload_folders_parent_links; Type: TABLE DATA; Schema: public; Owner: postgres
--

COPY public.upload_folders_parent_links (id, folder_id, inv_folder_id, folder_order) FROM stdin;
\.


--
-- Name: admin_permissions_id_seq; Type: SEQUENCE SET; Schema: public; Owner: postgres
--

SELECT pg_catalog.setval('public.admin_permissions_id_seq', 112, true);


--
-- Name: admin_permissions_role_links_id_seq; Type: SEQUENCE SET; Schema: public; Owner: postgres
--

SELECT pg_catalog.setval('public.admin_permissions_role_links_id_seq', 121, true);


--
-- Name: admin_roles_id_seq; Type: SEQUENCE SET; Schema: public; Owner: postgres
--

SELECT pg_catalog.setval('public.admin_roles_id_seq', 3, true);


--
-- Name: admin_users_id_seq; Type: SEQUENCE SET; Schema: public; Owner: postgres
--

SELECT pg_catalog.setval('public.admin_users_id_seq', 1, true);


--
-- Name: admin_users_roles_links_id_seq; Type: SEQUENCE SET; Schema: public; Owner: postgres
--

SELECT pg_catalog.setval('public.admin_users_roles_links_id_seq', 1, true);


--
-- Name: components_blocks_banners_components_id_seq; Type: SEQUENCE SET; Schema: public; Owner: postgres
--

SELECT pg_catalog.setval('public.components_blocks_banners_components_id_seq', 31, true);


--
-- Name: components_blocks_banners_id_seq; Type: SEQUENCE SET; Schema: public; Owner: postgres
--

SELECT pg_catalog.setval('public.components_blocks_banners_id_seq', 9, true);


--
-- Name: components_blocks_page_blogs_id_seq; Type: SEQUENCE SET; Schema: public; Owner: postgres
--

SELECT pg_catalog.setval('public.components_blocks_page_blogs_id_seq', 6, true);


--
-- Name: components_blocks_page_standarts_id_seq; Type: SEQUENCE SET; Schema: public; Owner: postgres
--

SELECT pg_catalog.setval('public.components_blocks_page_standarts_id_seq', 3, true);


--
-- Name: components_components_banner_slides_components_id_seq; Type: SEQUENCE SET; Schema: public; Owner: postgres
--

SELECT pg_catalog.setval('public.components_components_banner_slides_components_id_seq', 1, false);


--
-- Name: components_components_banner_slides_id_seq; Type: SEQUENCE SET; Schema: public; Owner: postgres
--

SELECT pg_catalog.setval('public.components_components_banner_slides_id_seq', 9, true);


--
-- Name: components_shared_buttons_id_seq; Type: SEQUENCE SET; Schema: public; Owner: postgres
--

SELECT pg_catalog.setval('public.components_shared_buttons_id_seq', 1, false);


--
-- Name: components_shared_meta_socials_id_seq; Type: SEQUENCE SET; Schema: public; Owner: postgres
--

SELECT pg_catalog.setval('public.components_shared_meta_socials_id_seq', 1, false);


--
-- Name: components_shared_seos_components_id_seq; Type: SEQUENCE SET; Schema: public; Owner: postgres
--

SELECT pg_catalog.setval('public.components_shared_seos_components_id_seq', 1, false);


--
-- Name: components_shared_seos_id_seq; Type: SEQUENCE SET; Schema: public; Owner: postgres
--

SELECT pg_catalog.setval('public.components_shared_seos_id_seq', 9, true);


--
-- Name: files_folder_links_id_seq; Type: SEQUENCE SET; Schema: public; Owner: postgres
--

SELECT pg_catalog.setval('public.files_folder_links_id_seq', 1, false);


--
-- Name: files_id_seq; Type: SEQUENCE SET; Schema: public; Owner: postgres
--

SELECT pg_catalog.setval('public.files_id_seq', 1, true);


--
-- Name: files_related_morphs_id_seq; Type: SEQUENCE SET; Schema: public; Owner: postgres
--

SELECT pg_catalog.setval('public.files_related_morphs_id_seq', 30, true);


--
-- Name: i18n_locale_id_seq; Type: SEQUENCE SET; Schema: public; Owner: postgres
--

SELECT pg_catalog.setval('public.i18n_locale_id_seq', 2, true);


--
-- Name: localizations_id_seq; Type: SEQUENCE SET; Schema: public; Owner: postgres
--

SELECT pg_catalog.setval('public.localizations_id_seq', 2, true);


--
-- Name: localizations_localizations_links_id_seq; Type: SEQUENCE SET; Schema: public; Owner: postgres
--

SELECT pg_catalog.setval('public.localizations_localizations_links_id_seq', 2, true);


--
-- Name: pages_components_id_seq; Type: SEQUENCE SET; Schema: public; Owner: postgres
--

SELECT pg_catalog.setval('public.pages_components_id_seq', 87, true);


--
-- Name: pages_id_seq; Type: SEQUENCE SET; Schema: public; Owner: postgres
--

SELECT pg_catalog.setval('public.pages_id_seq', 7, true);


--
-- Name: pages_localizations_links_id_seq; Type: SEQUENCE SET; Schema: public; Owner: postgres
--

SELECT pg_catalog.setval('public.pages_localizations_links_id_seq', 7, true);


--
-- Name: strapi_api_token_permissions_id_seq; Type: SEQUENCE SET; Schema: public; Owner: postgres
--

SELECT pg_catalog.setval('public.strapi_api_token_permissions_id_seq', 4, true);


--
-- Name: strapi_api_token_permissions_token_links_id_seq; Type: SEQUENCE SET; Schema: public; Owner: postgres
--

SELECT pg_catalog.setval('public.strapi_api_token_permissions_token_links_id_seq', 4, true);


--
-- Name: strapi_api_tokens_id_seq; Type: SEQUENCE SET; Schema: public; Owner: postgres
--

SELECT pg_catalog.setval('public.strapi_api_tokens_id_seq', 1, true);


--
-- Name: strapi_core_store_settings_id_seq; Type: SEQUENCE SET; Schema: public; Owner: postgres
--

SELECT pg_catalog.setval('public.strapi_core_store_settings_id_seq', 35, true);


--
-- Name: strapi_database_schema_id_seq; Type: SEQUENCE SET; Schema: public; Owner: postgres
--

SELECT pg_catalog.setval('public.strapi_database_schema_id_seq', 48, true);


--
-- Name: strapi_migrations_id_seq; Type: SEQUENCE SET; Schema: public; Owner: postgres
--

SELECT pg_catalog.setval('public.strapi_migrations_id_seq', 1, false);


--
-- Name: strapi_release_actions_id_seq; Type: SEQUENCE SET; Schema: public; Owner: postgres
--

SELECT pg_catalog.setval('public.strapi_release_actions_id_seq', 1, false);


--
-- Name: strapi_release_actions_release_links_id_seq; Type: SEQUENCE SET; Schema: public; Owner: postgres
--

SELECT pg_catalog.setval('public.strapi_release_actions_release_links_id_seq', 1, false);


--
-- Name: strapi_releases_id_seq; Type: SEQUENCE SET; Schema: public; Owner: postgres
--

SELECT pg_catalog.setval('public.strapi_releases_id_seq', 1, false);


--
-- Name: strapi_transfer_token_permissions_id_seq; Type: SEQUENCE SET; Schema: public; Owner: postgres
--

SELECT pg_catalog.setval('public.strapi_transfer_token_permissions_id_seq', 1, false);


--
-- Name: strapi_transfer_token_permissions_token_links_id_seq; Type: SEQUENCE SET; Schema: public; Owner: postgres
--

SELECT pg_catalog.setval('public.strapi_transfer_token_permissions_token_links_id_seq', 1, false);


--
-- Name: strapi_transfer_tokens_id_seq; Type: SEQUENCE SET; Schema: public; Owner: postgres
--

SELECT pg_catalog.setval('public.strapi_transfer_tokens_id_seq', 1, false);


--
-- Name: strapi_webhooks_id_seq; Type: SEQUENCE SET; Schema: public; Owner: postgres
--

SELECT pg_catalog.setval('public.strapi_webhooks_id_seq', 1, false);


--
-- Name: up_permissions_id_seq; Type: SEQUENCE SET; Schema: public; Owner: postgres
--

SELECT pg_catalog.setval('public.up_permissions_id_seq', 9, true);


--
-- Name: up_permissions_role_links_id_seq; Type: SEQUENCE SET; Schema: public; Owner: postgres
--

SELECT pg_catalog.setval('public.up_permissions_role_links_id_seq', 9, true);


--
-- Name: up_roles_id_seq; Type: SEQUENCE SET; Schema: public; Owner: postgres
--

SELECT pg_catalog.setval('public.up_roles_id_seq', 2, true);


--
-- Name: up_users_id_seq; Type: SEQUENCE SET; Schema: public; Owner: postgres
--

SELECT pg_catalog.setval('public.up_users_id_seq', 1, false);


--
-- Name: up_users_role_links_id_seq; Type: SEQUENCE SET; Schema: public; Owner: postgres
--

SELECT pg_catalog.setval('public.up_users_role_links_id_seq', 1, false);


--
-- Name: upload_folders_id_seq; Type: SEQUENCE SET; Schema: public; Owner: postgres
--

SELECT pg_catalog.setval('public.upload_folders_id_seq', 1, false);


--
-- Name: upload_folders_parent_links_id_seq; Type: SEQUENCE SET; Schema: public; Owner: postgres
--

SELECT pg_catalog.setval('public.upload_folders_parent_links_id_seq', 1, false);


--
-- Name: admin_permissions admin_permissions_pkey; Type: CONSTRAINT; Schema: public; Owner: postgres
--

ALTER TABLE ONLY public.admin_permissions
    ADD CONSTRAINT admin_permissions_pkey PRIMARY KEY (id);


--
-- Name: admin_permissions_role_links admin_permissions_role_links_pkey; Type: CONSTRAINT; Schema: public; Owner: postgres
--

ALTER TABLE ONLY public.admin_permissions_role_links
    ADD CONSTRAINT admin_permissions_role_links_pkey PRIMARY KEY (id);


--
-- Name: admin_permissions_role_links admin_permissions_role_links_unique; Type: CONSTRAINT; Schema: public; Owner: postgres
--

ALTER TABLE ONLY public.admin_permissions_role_links
    ADD CONSTRAINT admin_permissions_role_links_unique UNIQUE (permission_id, role_id);


--
-- Name: admin_roles admin_roles_pkey; Type: CONSTRAINT; Schema: public; Owner: postgres
--

ALTER TABLE ONLY public.admin_roles
    ADD CONSTRAINT admin_roles_pkey PRIMARY KEY (id);


--
-- Name: admin_users admin_users_pkey; Type: CONSTRAINT; Schema: public; Owner: postgres
--

ALTER TABLE ONLY public.admin_users
    ADD CONSTRAINT admin_users_pkey PRIMARY KEY (id);


--
-- Name: admin_users_roles_links admin_users_roles_links_pkey; Type: CONSTRAINT; Schema: public; Owner: postgres
--

ALTER TABLE ONLY public.admin_users_roles_links
    ADD CONSTRAINT admin_users_roles_links_pkey PRIMARY KEY (id);


--
-- Name: admin_users_roles_links admin_users_roles_links_unique; Type: CONSTRAINT; Schema: public; Owner: postgres
--

ALTER TABLE ONLY public.admin_users_roles_links
    ADD CONSTRAINT admin_users_roles_links_unique UNIQUE (user_id, role_id);


--
-- Name: components_blocks_banners_components components_blocks_banners_components_pkey; Type: CONSTRAINT; Schema: public; Owner: postgres
--

ALTER TABLE ONLY public.components_blocks_banners_components
    ADD CONSTRAINT components_blocks_banners_components_pkey PRIMARY KEY (id);


--
-- Name: components_blocks_banners components_blocks_banners_pkey; Type: CONSTRAINT; Schema: public; Owner: postgres
--

ALTER TABLE ONLY public.components_blocks_banners
    ADD CONSTRAINT components_blocks_banners_pkey PRIMARY KEY (id);


--
-- Name: components_blocks_banners_components components_blocks_banners_unique; Type: CONSTRAINT; Schema: public; Owner: postgres
--

ALTER TABLE ONLY public.components_blocks_banners_components
    ADD CONSTRAINT components_blocks_banners_unique UNIQUE (entity_id, component_id, field, component_type);


--
-- Name: components_blocks_page_blogs components_blocks_page_blogs_pkey; Type: CONSTRAINT; Schema: public; Owner: postgres
--

ALTER TABLE ONLY public.components_blocks_page_blogs
    ADD CONSTRAINT components_blocks_page_blogs_pkey PRIMARY KEY (id);


--
-- Name: components_blocks_page_standarts components_blocks_page_standarts_pkey; Type: CONSTRAINT; Schema: public; Owner: postgres
--

ALTER TABLE ONLY public.components_blocks_page_standarts
    ADD CONSTRAINT components_blocks_page_standarts_pkey PRIMARY KEY (id);


--
-- Name: components_components_banner_slides_components components_components_banner_slides_components_pkey; Type: CONSTRAINT; Schema: public; Owner: postgres
--

ALTER TABLE ONLY public.components_components_banner_slides_components
    ADD CONSTRAINT components_components_banner_slides_components_pkey PRIMARY KEY (id);


--
-- Name: components_components_banner_slides components_components_banner_slides_pkey; Type: CONSTRAINT; Schema: public; Owner: postgres
--

ALTER TABLE ONLY public.components_components_banner_slides
    ADD CONSTRAINT components_components_banner_slides_pkey PRIMARY KEY (id);


--
-- Name: components_components_banner_slides_components components_components_banner_slides_unique; Type: CONSTRAINT; Schema: public; Owner: postgres
--

ALTER TABLE ONLY public.components_components_banner_slides_components
    ADD CONSTRAINT components_components_banner_slides_unique UNIQUE (entity_id, component_id, field, component_type);


--
-- Name: components_shared_buttons components_shared_buttons_pkey; Type: CONSTRAINT; Schema: public; Owner: postgres
--

ALTER TABLE ONLY public.components_shared_buttons
    ADD CONSTRAINT components_shared_buttons_pkey PRIMARY KEY (id);


--
-- Name: components_shared_meta_socials components_shared_meta_socials_pkey; Type: CONSTRAINT; Schema: public; Owner: postgres
--

ALTER TABLE ONLY public.components_shared_meta_socials
    ADD CONSTRAINT components_shared_meta_socials_pkey PRIMARY KEY (id);


--
-- Name: components_shared_seos_components components_shared_seos_components_pkey; Type: CONSTRAINT; Schema: public; Owner: postgres
--

ALTER TABLE ONLY public.components_shared_seos_components
    ADD CONSTRAINT components_shared_seos_components_pkey PRIMARY KEY (id);


--
-- Name: components_shared_seos components_shared_seos_pkey; Type: CONSTRAINT; Schema: public; Owner: postgres
--

ALTER TABLE ONLY public.components_shared_seos
    ADD CONSTRAINT components_shared_seos_pkey PRIMARY KEY (id);


--
-- Name: components_shared_seos_components components_shared_seos_unique; Type: CONSTRAINT; Schema: public; Owner: postgres
--

ALTER TABLE ONLY public.components_shared_seos_components
    ADD CONSTRAINT components_shared_seos_unique UNIQUE (entity_id, component_id, field, component_type);


--
-- Name: files_folder_links files_folder_links_pkey; Type: CONSTRAINT; Schema: public; Owner: postgres
--

ALTER TABLE ONLY public.files_folder_links
    ADD CONSTRAINT files_folder_links_pkey PRIMARY KEY (id);


--
-- Name: files_folder_links files_folder_links_unique; Type: CONSTRAINT; Schema: public; Owner: postgres
--

ALTER TABLE ONLY public.files_folder_links
    ADD CONSTRAINT files_folder_links_unique UNIQUE (file_id, folder_id);


--
-- Name: files files_pkey; Type: CONSTRAINT; Schema: public; Owner: postgres
--

ALTER TABLE ONLY public.files
    ADD CONSTRAINT files_pkey PRIMARY KEY (id);


--
-- Name: files_related_morphs files_related_morphs_pkey; Type: CONSTRAINT; Schema: public; Owner: postgres
--

ALTER TABLE ONLY public.files_related_morphs
    ADD CONSTRAINT files_related_morphs_pkey PRIMARY KEY (id);


--
-- Name: i18n_locale i18n_locale_pkey; Type: CONSTRAINT; Schema: public; Owner: postgres
--

ALTER TABLE ONLY public.i18n_locale
    ADD CONSTRAINT i18n_locale_pkey PRIMARY KEY (id);


--
-- Name: localizations_localizations_links localizations_localizations_links_pkey; Type: CONSTRAINT; Schema: public; Owner: postgres
--

ALTER TABLE ONLY public.localizations_localizations_links
    ADD CONSTRAINT localizations_localizations_links_pkey PRIMARY KEY (id);


--
-- Name: localizations_localizations_links localizations_localizations_links_unique; Type: CONSTRAINT; Schema: public; Owner: postgres
--

ALTER TABLE ONLY public.localizations_localizations_links
    ADD CONSTRAINT localizations_localizations_links_unique UNIQUE (localization_id, inv_localization_id);


--
-- Name: localizations localizations_pkey; Type: CONSTRAINT; Schema: public; Owner: postgres
--

ALTER TABLE ONLY public.localizations
    ADD CONSTRAINT localizations_pkey PRIMARY KEY (id);


--
-- Name: pages_components pages_components_pkey; Type: CONSTRAINT; Schema: public; Owner: postgres
--

ALTER TABLE ONLY public.pages_components
    ADD CONSTRAINT pages_components_pkey PRIMARY KEY (id);


--
-- Name: pages_localizations_links pages_localizations_links_pkey; Type: CONSTRAINT; Schema: public; Owner: postgres
--

ALTER TABLE ONLY public.pages_localizations_links
    ADD CONSTRAINT pages_localizations_links_pkey PRIMARY KEY (id);


--
-- Name: pages_localizations_links pages_localizations_links_unique; Type: CONSTRAINT; Schema: public; Owner: postgres
--

ALTER TABLE ONLY public.pages_localizations_links
    ADD CONSTRAINT pages_localizations_links_unique UNIQUE (page_id, inv_page_id);


--
-- Name: pages pages_pkey; Type: CONSTRAINT; Schema: public; Owner: postgres
--

ALTER TABLE ONLY public.pages
    ADD CONSTRAINT pages_pkey PRIMARY KEY (id);


--
-- Name: pages_components pages_unique; Type: CONSTRAINT; Schema: public; Owner: postgres
--

ALTER TABLE ONLY public.pages_components
    ADD CONSTRAINT pages_unique UNIQUE (entity_id, component_id, field, component_type);


--
-- Name: strapi_api_token_permissions strapi_api_token_permissions_pkey; Type: CONSTRAINT; Schema: public; Owner: postgres
--

ALTER TABLE ONLY public.strapi_api_token_permissions
    ADD CONSTRAINT strapi_api_token_permissions_pkey PRIMARY KEY (id);


--
-- Name: strapi_api_token_permissions_token_links strapi_api_token_permissions_token_links_pkey; Type: CONSTRAINT; Schema: public; Owner: postgres
--

ALTER TABLE ONLY public.strapi_api_token_permissions_token_links
    ADD CONSTRAINT strapi_api_token_permissions_token_links_pkey PRIMARY KEY (id);


--
-- Name: strapi_api_token_permissions_token_links strapi_api_token_permissions_token_links_unique; Type: CONSTRAINT; Schema: public; Owner: postgres
--

ALTER TABLE ONLY public.strapi_api_token_permissions_token_links
    ADD CONSTRAINT strapi_api_token_permissions_token_links_unique UNIQUE (api_token_permission_id, api_token_id);


--
-- Name: strapi_api_tokens strapi_api_tokens_pkey; Type: CONSTRAINT; Schema: public; Owner: postgres
--

ALTER TABLE ONLY public.strapi_api_tokens
    ADD CONSTRAINT strapi_api_tokens_pkey PRIMARY KEY (id);


--
-- Name: strapi_core_store_settings strapi_core_store_settings_pkey; Type: CONSTRAINT; Schema: public; Owner: postgres
--

ALTER TABLE ONLY public.strapi_core_store_settings
    ADD CONSTRAINT strapi_core_store_settings_pkey PRIMARY KEY (id);


--
-- Name: strapi_database_schema strapi_database_schema_pkey; Type: CONSTRAINT; Schema: public; Owner: postgres
--

ALTER TABLE ONLY public.strapi_database_schema
    ADD CONSTRAINT strapi_database_schema_pkey PRIMARY KEY (id);


--
-- Name: strapi_migrations strapi_migrations_pkey; Type: CONSTRAINT; Schema: public; Owner: postgres
--

ALTER TABLE ONLY public.strapi_migrations
    ADD CONSTRAINT strapi_migrations_pkey PRIMARY KEY (id);


--
-- Name: strapi_release_actions strapi_release_actions_pkey; Type: CONSTRAINT; Schema: public; Owner: postgres
--

ALTER TABLE ONLY public.strapi_release_actions
    ADD CONSTRAINT strapi_release_actions_pkey PRIMARY KEY (id);


--
-- Name: strapi_release_actions_release_links strapi_release_actions_release_links_pkey; Type: CONSTRAINT; Schema: public; Owner: postgres
--

ALTER TABLE ONLY public.strapi_release_actions_release_links
    ADD CONSTRAINT strapi_release_actions_release_links_pkey PRIMARY KEY (id);


--
-- Name: strapi_release_actions_release_links strapi_release_actions_release_links_unique; Type: CONSTRAINT; Schema: public; Owner: postgres
--

ALTER TABLE ONLY public.strapi_release_actions_release_links
    ADD CONSTRAINT strapi_release_actions_release_links_unique UNIQUE (release_action_id, release_id);


--
-- Name: strapi_releases strapi_releases_pkey; Type: CONSTRAINT; Schema: public; Owner: postgres
--

ALTER TABLE ONLY public.strapi_releases
    ADD CONSTRAINT strapi_releases_pkey PRIMARY KEY (id);


--
-- Name: strapi_transfer_token_permissions strapi_transfer_token_permissions_pkey; Type: CONSTRAINT; Schema: public; Owner: postgres
--

ALTER TABLE ONLY public.strapi_transfer_token_permissions
    ADD CONSTRAINT strapi_transfer_token_permissions_pkey PRIMARY KEY (id);


--
-- Name: strapi_transfer_token_permissions_token_links strapi_transfer_token_permissions_token_links_pkey; Type: CONSTRAINT; Schema: public; Owner: postgres
--

ALTER TABLE ONLY public.strapi_transfer_token_permissions_token_links
    ADD CONSTRAINT strapi_transfer_token_permissions_token_links_pkey PRIMARY KEY (id);


--
-- Name: strapi_transfer_token_permissions_token_links strapi_transfer_token_permissions_token_links_unique; Type: CONSTRAINT; Schema: public; Owner: postgres
--

ALTER TABLE ONLY public.strapi_transfer_token_permissions_token_links
    ADD CONSTRAINT strapi_transfer_token_permissions_token_links_unique UNIQUE (transfer_token_permission_id, transfer_token_id);


--
-- Name: strapi_transfer_tokens strapi_transfer_tokens_pkey; Type: CONSTRAINT; Schema: public; Owner: postgres
--

ALTER TABLE ONLY public.strapi_transfer_tokens
    ADD CONSTRAINT strapi_transfer_tokens_pkey PRIMARY KEY (id);


--
-- Name: strapi_webhooks strapi_webhooks_pkey; Type: CONSTRAINT; Schema: public; Owner: postgres
--

ALTER TABLE ONLY public.strapi_webhooks
    ADD CONSTRAINT strapi_webhooks_pkey PRIMARY KEY (id);


--
-- Name: up_permissions up_permissions_pkey; Type: CONSTRAINT; Schema: public; Owner: postgres
--

ALTER TABLE ONLY public.up_permissions
    ADD CONSTRAINT up_permissions_pkey PRIMARY KEY (id);


--
-- Name: up_permissions_role_links up_permissions_role_links_pkey; Type: CONSTRAINT; Schema: public; Owner: postgres
--

ALTER TABLE ONLY public.up_permissions_role_links
    ADD CONSTRAINT up_permissions_role_links_pkey PRIMARY KEY (id);


--
-- Name: up_permissions_role_links up_permissions_role_links_unique; Type: CONSTRAINT; Schema: public; Owner: postgres
--

ALTER TABLE ONLY public.up_permissions_role_links
    ADD CONSTRAINT up_permissions_role_links_unique UNIQUE (permission_id, role_id);


--
-- Name: up_roles up_roles_pkey; Type: CONSTRAINT; Schema: public; Owner: postgres
--

ALTER TABLE ONLY public.up_roles
    ADD CONSTRAINT up_roles_pkey PRIMARY KEY (id);


--
-- Name: up_users up_users_pkey; Type: CONSTRAINT; Schema: public; Owner: postgres
--

ALTER TABLE ONLY public.up_users
    ADD CONSTRAINT up_users_pkey PRIMARY KEY (id);


--
-- Name: up_users_role_links up_users_role_links_pkey; Type: CONSTRAINT; Schema: public; Owner: postgres
--

ALTER TABLE ONLY public.up_users_role_links
    ADD CONSTRAINT up_users_role_links_pkey PRIMARY KEY (id);


--
-- Name: up_users_role_links up_users_role_links_unique; Type: CONSTRAINT; Schema: public; Owner: postgres
--

ALTER TABLE ONLY public.up_users_role_links
    ADD CONSTRAINT up_users_role_links_unique UNIQUE (user_id, role_id);


--
-- Name: upload_folders_parent_links upload_folders_parent_links_pkey; Type: CONSTRAINT; Schema: public; Owner: postgres
--

ALTER TABLE ONLY public.upload_folders_parent_links
    ADD CONSTRAINT upload_folders_parent_links_pkey PRIMARY KEY (id);


--
-- Name: upload_folders_parent_links upload_folders_parent_links_unique; Type: CONSTRAINT; Schema: public; Owner: postgres
--

ALTER TABLE ONLY public.upload_folders_parent_links
    ADD CONSTRAINT upload_folders_parent_links_unique UNIQUE (folder_id, inv_folder_id);


--
-- Name: upload_folders upload_folders_path_id_index; Type: CONSTRAINT; Schema: public; Owner: postgres
--

ALTER TABLE ONLY public.upload_folders
    ADD CONSTRAINT upload_folders_path_id_index UNIQUE (path_id);


--
-- Name: upload_folders upload_folders_path_index; Type: CONSTRAINT; Schema: public; Owner: postgres
--

ALTER TABLE ONLY public.upload_folders
    ADD CONSTRAINT upload_folders_path_index UNIQUE (path);


--
-- Name: upload_folders upload_folders_pkey; Type: CONSTRAINT; Schema: public; Owner: postgres
--

ALTER TABLE ONLY public.upload_folders
    ADD CONSTRAINT upload_folders_pkey PRIMARY KEY (id);


--
-- Name: admin_permissions_created_by_id_fk; Type: INDEX; Schema: public; Owner: postgres
--

CREATE INDEX admin_permissions_created_by_id_fk ON public.admin_permissions USING btree (created_by_id);


--
-- Name: admin_permissions_role_links_fk; Type: INDEX; Schema: public; Owner: postgres
--

CREATE INDEX admin_permissions_role_links_fk ON public.admin_permissions_role_links USING btree (permission_id);


--
-- Name: admin_permissions_role_links_inv_fk; Type: INDEX; Schema: public; Owner: postgres
--

CREATE INDEX admin_permissions_role_links_inv_fk ON public.admin_permissions_role_links USING btree (role_id);


--
-- Name: admin_permissions_role_links_order_inv_fk; Type: INDEX; Schema: public; Owner: postgres
--

CREATE INDEX admin_permissions_role_links_order_inv_fk ON public.admin_permissions_role_links USING btree (permission_order);


--
-- Name: admin_permissions_updated_by_id_fk; Type: INDEX; Schema: public; Owner: postgres
--

CREATE INDEX admin_permissions_updated_by_id_fk ON public.admin_permissions USING btree (updated_by_id);


--
-- Name: admin_roles_created_by_id_fk; Type: INDEX; Schema: public; Owner: postgres
--

CREATE INDEX admin_roles_created_by_id_fk ON public.admin_roles USING btree (created_by_id);


--
-- Name: admin_roles_updated_by_id_fk; Type: INDEX; Schema: public; Owner: postgres
--

CREATE INDEX admin_roles_updated_by_id_fk ON public.admin_roles USING btree (updated_by_id);


--
-- Name: admin_users_created_by_id_fk; Type: INDEX; Schema: public; Owner: postgres
--

CREATE INDEX admin_users_created_by_id_fk ON public.admin_users USING btree (created_by_id);


--
-- Name: admin_users_roles_links_fk; Type: INDEX; Schema: public; Owner: postgres
--

CREATE INDEX admin_users_roles_links_fk ON public.admin_users_roles_links USING btree (user_id);


--
-- Name: admin_users_roles_links_inv_fk; Type: INDEX; Schema: public; Owner: postgres
--

CREATE INDEX admin_users_roles_links_inv_fk ON public.admin_users_roles_links USING btree (role_id);


--
-- Name: admin_users_roles_links_order_fk; Type: INDEX; Schema: public; Owner: postgres
--

CREATE INDEX admin_users_roles_links_order_fk ON public.admin_users_roles_links USING btree (role_order);


--
-- Name: admin_users_roles_links_order_inv_fk; Type: INDEX; Schema: public; Owner: postgres
--

CREATE INDEX admin_users_roles_links_order_inv_fk ON public.admin_users_roles_links USING btree (user_order);


--
-- Name: admin_users_updated_by_id_fk; Type: INDEX; Schema: public; Owner: postgres
--

CREATE INDEX admin_users_updated_by_id_fk ON public.admin_users USING btree (updated_by_id);


--
-- Name: components_blocks_banners_component_type_index; Type: INDEX; Schema: public; Owner: postgres
--

CREATE INDEX components_blocks_banners_component_type_index ON public.components_blocks_banners_components USING btree (component_type);


--
-- Name: components_blocks_banners_entity_fk; Type: INDEX; Schema: public; Owner: postgres
--

CREATE INDEX components_blocks_banners_entity_fk ON public.components_blocks_banners_components USING btree (entity_id);


--
-- Name: components_blocks_banners_field_index; Type: INDEX; Schema: public; Owner: postgres
--

CREATE INDEX components_blocks_banners_field_index ON public.components_blocks_banners_components USING btree (field);


--
-- Name: components_components_banner_slides_component_type_index; Type: INDEX; Schema: public; Owner: postgres
--

CREATE INDEX components_components_banner_slides_component_type_index ON public.components_components_banner_slides_components USING btree (component_type);


--
-- Name: components_components_banner_slides_entity_fk; Type: INDEX; Schema: public; Owner: postgres
--

CREATE INDEX components_components_banner_slides_entity_fk ON public.components_components_banner_slides_components USING btree (entity_id);


--
-- Name: components_components_banner_slides_field_index; Type: INDEX; Schema: public; Owner: postgres
--

CREATE INDEX components_components_banner_slides_field_index ON public.components_components_banner_slides_components USING btree (field);


--
-- Name: components_shared_seos_component_type_index; Type: INDEX; Schema: public; Owner: postgres
--

CREATE INDEX components_shared_seos_component_type_index ON public.components_shared_seos_components USING btree (component_type);


--
-- Name: components_shared_seos_entity_fk; Type: INDEX; Schema: public; Owner: postgres
--

CREATE INDEX components_shared_seos_entity_fk ON public.components_shared_seos_components USING btree (entity_id);


--
-- Name: components_shared_seos_field_index; Type: INDEX; Schema: public; Owner: postgres
--

CREATE INDEX components_shared_seos_field_index ON public.components_shared_seos_components USING btree (field);


--
-- Name: files_created_by_id_fk; Type: INDEX; Schema: public; Owner: postgres
--

CREATE INDEX files_created_by_id_fk ON public.files USING btree (created_by_id);


--
-- Name: files_folder_links_fk; Type: INDEX; Schema: public; Owner: postgres
--

CREATE INDEX files_folder_links_fk ON public.files_folder_links USING btree (file_id);


--
-- Name: files_folder_links_inv_fk; Type: INDEX; Schema: public; Owner: postgres
--

CREATE INDEX files_folder_links_inv_fk ON public.files_folder_links USING btree (folder_id);


--
-- Name: files_folder_links_order_inv_fk; Type: INDEX; Schema: public; Owner: postgres
--

CREATE INDEX files_folder_links_order_inv_fk ON public.files_folder_links USING btree (file_order);


--
-- Name: files_related_morphs_fk; Type: INDEX; Schema: public; Owner: postgres
--

CREATE INDEX files_related_morphs_fk ON public.files_related_morphs USING btree (file_id);


--
-- Name: files_related_morphs_id_column_index; Type: INDEX; Schema: public; Owner: postgres
--

CREATE INDEX files_related_morphs_id_column_index ON public.files_related_morphs USING btree (related_id);


--
-- Name: files_related_morphs_order_index; Type: INDEX; Schema: public; Owner: postgres
--

CREATE INDEX files_related_morphs_order_index ON public.files_related_morphs USING btree ("order");


--
-- Name: files_updated_by_id_fk; Type: INDEX; Schema: public; Owner: postgres
--

CREATE INDEX files_updated_by_id_fk ON public.files USING btree (updated_by_id);


--
-- Name: i18n_locale_created_by_id_fk; Type: INDEX; Schema: public; Owner: postgres
--

CREATE INDEX i18n_locale_created_by_id_fk ON public.i18n_locale USING btree (created_by_id);


--
-- Name: i18n_locale_updated_by_id_fk; Type: INDEX; Schema: public; Owner: postgres
--

CREATE INDEX i18n_locale_updated_by_id_fk ON public.i18n_locale USING btree (updated_by_id);


--
-- Name: localizations_created_by_id_fk; Type: INDEX; Schema: public; Owner: postgres
--

CREATE INDEX localizations_created_by_id_fk ON public.localizations USING btree (created_by_id);


--
-- Name: localizations_localizations_links_fk; Type: INDEX; Schema: public; Owner: postgres
--

CREATE INDEX localizations_localizations_links_fk ON public.localizations_localizations_links USING btree (localization_id);


--
-- Name: localizations_localizations_links_inv_fk; Type: INDEX; Schema: public; Owner: postgres
--

CREATE INDEX localizations_localizations_links_inv_fk ON public.localizations_localizations_links USING btree (inv_localization_id);


--
-- Name: localizations_localizations_links_order_fk; Type: INDEX; Schema: public; Owner: postgres
--

CREATE INDEX localizations_localizations_links_order_fk ON public.localizations_localizations_links USING btree (localization_order);


--
-- Name: localizations_updated_by_id_fk; Type: INDEX; Schema: public; Owner: postgres
--

CREATE INDEX localizations_updated_by_id_fk ON public.localizations USING btree (updated_by_id);


--
-- Name: pages_component_type_index; Type: INDEX; Schema: public; Owner: postgres
--

CREATE INDEX pages_component_type_index ON public.pages_components USING btree (component_type);


--
-- Name: pages_created_by_id_fk; Type: INDEX; Schema: public; Owner: postgres
--

CREATE INDEX pages_created_by_id_fk ON public.pages USING btree (created_by_id);


--
-- Name: pages_entity_fk; Type: INDEX; Schema: public; Owner: postgres
--

CREATE INDEX pages_entity_fk ON public.pages_components USING btree (entity_id);


--
-- Name: pages_field_index; Type: INDEX; Schema: public; Owner: postgres
--

CREATE INDEX pages_field_index ON public.pages_components USING btree (field);


--
-- Name: pages_localizations_links_fk; Type: INDEX; Schema: public; Owner: postgres
--

CREATE INDEX pages_localizations_links_fk ON public.pages_localizations_links USING btree (page_id);


--
-- Name: pages_localizations_links_inv_fk; Type: INDEX; Schema: public; Owner: postgres
--

CREATE INDEX pages_localizations_links_inv_fk ON public.pages_localizations_links USING btree (inv_page_id);


--
-- Name: pages_localizations_links_order_fk; Type: INDEX; Schema: public; Owner: postgres
--

CREATE INDEX pages_localizations_links_order_fk ON public.pages_localizations_links USING btree (page_order);


--
-- Name: pages_updated_by_id_fk; Type: INDEX; Schema: public; Owner: postgres
--

CREATE INDEX pages_updated_by_id_fk ON public.pages USING btree (updated_by_id);


--
-- Name: strapi_api_token_permissions_created_by_id_fk; Type: INDEX; Schema: public; Owner: postgres
--

CREATE INDEX strapi_api_token_permissions_created_by_id_fk ON public.strapi_api_token_permissions USING btree (created_by_id);


--
-- Name: strapi_api_token_permissions_token_links_fk; Type: INDEX; Schema: public; Owner: postgres
--

CREATE INDEX strapi_api_token_permissions_token_links_fk ON public.strapi_api_token_permissions_token_links USING btree (api_token_permission_id);


--
-- Name: strapi_api_token_permissions_token_links_inv_fk; Type: INDEX; Schema: public; Owner: postgres
--

CREATE INDEX strapi_api_token_permissions_token_links_inv_fk ON public.strapi_api_token_permissions_token_links USING btree (api_token_id);


--
-- Name: strapi_api_token_permissions_token_links_order_inv_fk; Type: INDEX; Schema: public; Owner: postgres
--

CREATE INDEX strapi_api_token_permissions_token_links_order_inv_fk ON public.strapi_api_token_permissions_token_links USING btree (api_token_permission_order);


--
-- Name: strapi_api_token_permissions_updated_by_id_fk; Type: INDEX; Schema: public; Owner: postgres
--

CREATE INDEX strapi_api_token_permissions_updated_by_id_fk ON public.strapi_api_token_permissions USING btree (updated_by_id);


--
-- Name: strapi_api_tokens_created_by_id_fk; Type: INDEX; Schema: public; Owner: postgres
--

CREATE INDEX strapi_api_tokens_created_by_id_fk ON public.strapi_api_tokens USING btree (created_by_id);


--
-- Name: strapi_api_tokens_updated_by_id_fk; Type: INDEX; Schema: public; Owner: postgres
--

CREATE INDEX strapi_api_tokens_updated_by_id_fk ON public.strapi_api_tokens USING btree (updated_by_id);


--
-- Name: strapi_release_actions_created_by_id_fk; Type: INDEX; Schema: public; Owner: postgres
--

CREATE INDEX strapi_release_actions_created_by_id_fk ON public.strapi_release_actions USING btree (created_by_id);


--
-- Name: strapi_release_actions_release_links_fk; Type: INDEX; Schema: public; Owner: postgres
--

CREATE INDEX strapi_release_actions_release_links_fk ON public.strapi_release_actions_release_links USING btree (release_action_id);


--
-- Name: strapi_release_actions_release_links_inv_fk; Type: INDEX; Schema: public; Owner: postgres
--

CREATE INDEX strapi_release_actions_release_links_inv_fk ON public.strapi_release_actions_release_links USING btree (release_id);


--
-- Name: strapi_release_actions_release_links_order_inv_fk; Type: INDEX; Schema: public; Owner: postgres
--

CREATE INDEX strapi_release_actions_release_links_order_inv_fk ON public.strapi_release_actions_release_links USING btree (release_action_order);


--
-- Name: strapi_release_actions_updated_by_id_fk; Type: INDEX; Schema: public; Owner: postgres
--

CREATE INDEX strapi_release_actions_updated_by_id_fk ON public.strapi_release_actions USING btree (updated_by_id);


--
-- Name: strapi_releases_created_by_id_fk; Type: INDEX; Schema: public; Owner: postgres
--

CREATE INDEX strapi_releases_created_by_id_fk ON public.strapi_releases USING btree (created_by_id);


--
-- Name: strapi_releases_updated_by_id_fk; Type: INDEX; Schema: public; Owner: postgres
--

CREATE INDEX strapi_releases_updated_by_id_fk ON public.strapi_releases USING btree (updated_by_id);


--
-- Name: strapi_transfer_token_permissions_created_by_id_fk; Type: INDEX; Schema: public; Owner: postgres
--

CREATE INDEX strapi_transfer_token_permissions_created_by_id_fk ON public.strapi_transfer_token_permissions USING btree (created_by_id);


--
-- Name: strapi_transfer_token_permissions_token_links_fk; Type: INDEX; Schema: public; Owner: postgres
--

CREATE INDEX strapi_transfer_token_permissions_token_links_fk ON public.strapi_transfer_token_permissions_token_links USING btree (transfer_token_permission_id);


--
-- Name: strapi_transfer_token_permissions_token_links_inv_fk; Type: INDEX; Schema: public; Owner: postgres
--

CREATE INDEX strapi_transfer_token_permissions_token_links_inv_fk ON public.strapi_transfer_token_permissions_token_links USING btree (transfer_token_id);


--
-- Name: strapi_transfer_token_permissions_token_links_order_inv_fk; Type: INDEX; Schema: public; Owner: postgres
--

CREATE INDEX strapi_transfer_token_permissions_token_links_order_inv_fk ON public.strapi_transfer_token_permissions_token_links USING btree (transfer_token_permission_order);


--
-- Name: strapi_transfer_token_permissions_updated_by_id_fk; Type: INDEX; Schema: public; Owner: postgres
--

CREATE INDEX strapi_transfer_token_permissions_updated_by_id_fk ON public.strapi_transfer_token_permissions USING btree (updated_by_id);


--
-- Name: strapi_transfer_tokens_created_by_id_fk; Type: INDEX; Schema: public; Owner: postgres
--

CREATE INDEX strapi_transfer_tokens_created_by_id_fk ON public.strapi_transfer_tokens USING btree (created_by_id);


--
-- Name: strapi_transfer_tokens_updated_by_id_fk; Type: INDEX; Schema: public; Owner: postgres
--

CREATE INDEX strapi_transfer_tokens_updated_by_id_fk ON public.strapi_transfer_tokens USING btree (updated_by_id);


--
-- Name: up_permissions_created_by_id_fk; Type: INDEX; Schema: public; Owner: postgres
--

CREATE INDEX up_permissions_created_by_id_fk ON public.up_permissions USING btree (created_by_id);


--
-- Name: up_permissions_role_links_fk; Type: INDEX; Schema: public; Owner: postgres
--

CREATE INDEX up_permissions_role_links_fk ON public.up_permissions_role_links USING btree (permission_id);


--
-- Name: up_permissions_role_links_inv_fk; Type: INDEX; Schema: public; Owner: postgres
--

CREATE INDEX up_permissions_role_links_inv_fk ON public.up_permissions_role_links USING btree (role_id);


--
-- Name: up_permissions_role_links_order_inv_fk; Type: INDEX; Schema: public; Owner: postgres
--

CREATE INDEX up_permissions_role_links_order_inv_fk ON public.up_permissions_role_links USING btree (permission_order);


--
-- Name: up_permissions_updated_by_id_fk; Type: INDEX; Schema: public; Owner: postgres
--

CREATE INDEX up_permissions_updated_by_id_fk ON public.up_permissions USING btree (updated_by_id);


--
-- Name: up_roles_created_by_id_fk; Type: INDEX; Schema: public; Owner: postgres
--

CREATE INDEX up_roles_created_by_id_fk ON public.up_roles USING btree (created_by_id);


--
-- Name: up_roles_updated_by_id_fk; Type: INDEX; Schema: public; Owner: postgres
--

CREATE INDEX up_roles_updated_by_id_fk ON public.up_roles USING btree (updated_by_id);


--
-- Name: up_users_created_by_id_fk; Type: INDEX; Schema: public; Owner: postgres
--

CREATE INDEX up_users_created_by_id_fk ON public.up_users USING btree (created_by_id);


--
-- Name: up_users_role_links_fk; Type: INDEX; Schema: public; Owner: postgres
--

CREATE INDEX up_users_role_links_fk ON public.up_users_role_links USING btree (user_id);


--
-- Name: up_users_role_links_inv_fk; Type: INDEX; Schema: public; Owner: postgres
--

CREATE INDEX up_users_role_links_inv_fk ON public.up_users_role_links USING btree (role_id);


--
-- Name: up_users_role_links_order_inv_fk; Type: INDEX; Schema: public; Owner: postgres
--

CREATE INDEX up_users_role_links_order_inv_fk ON public.up_users_role_links USING btree (user_order);


--
-- Name: up_users_updated_by_id_fk; Type: INDEX; Schema: public; Owner: postgres
--

CREATE INDEX up_users_updated_by_id_fk ON public.up_users USING btree (updated_by_id);


--
-- Name: upload_files_created_at_index; Type: INDEX; Schema: public; Owner: postgres
--

CREATE INDEX upload_files_created_at_index ON public.files USING btree (created_at);


--
-- Name: upload_files_ext_index; Type: INDEX; Schema: public; Owner: postgres
--

CREATE INDEX upload_files_ext_index ON public.files USING btree (ext);


--
-- Name: upload_files_folder_path_index; Type: INDEX; Schema: public; Owner: postgres
--

CREATE INDEX upload_files_folder_path_index ON public.files USING btree (folder_path);


--
-- Name: upload_files_name_index; Type: INDEX; Schema: public; Owner: postgres
--

CREATE INDEX upload_files_name_index ON public.files USING btree (name);


--
-- Name: upload_files_size_index; Type: INDEX; Schema: public; Owner: postgres
--

CREATE INDEX upload_files_size_index ON public.files USING btree (size);


--
-- Name: upload_files_updated_at_index; Type: INDEX; Schema: public; Owner: postgres
--

CREATE INDEX upload_files_updated_at_index ON public.files USING btree (updated_at);


--
-- Name: upload_folders_created_by_id_fk; Type: INDEX; Schema: public; Owner: postgres
--

CREATE INDEX upload_folders_created_by_id_fk ON public.upload_folders USING btree (created_by_id);


--
-- Name: upload_folders_parent_links_fk; Type: INDEX; Schema: public; Owner: postgres
--

CREATE INDEX upload_folders_parent_links_fk ON public.upload_folders_parent_links USING btree (folder_id);


--
-- Name: upload_folders_parent_links_inv_fk; Type: INDEX; Schema: public; Owner: postgres
--

CREATE INDEX upload_folders_parent_links_inv_fk ON public.upload_folders_parent_links USING btree (inv_folder_id);


--
-- Name: upload_folders_parent_links_order_inv_fk; Type: INDEX; Schema: public; Owner: postgres
--

CREATE INDEX upload_folders_parent_links_order_inv_fk ON public.upload_folders_parent_links USING btree (folder_order);


--
-- Name: upload_folders_updated_by_id_fk; Type: INDEX; Schema: public; Owner: postgres
--

CREATE INDEX upload_folders_updated_by_id_fk ON public.upload_folders USING btree (updated_by_id);


--
-- Name: admin_permissions admin_permissions_created_by_id_fk; Type: FK CONSTRAINT; Schema: public; Owner: postgres
--

ALTER TABLE ONLY public.admin_permissions
    ADD CONSTRAINT admin_permissions_created_by_id_fk FOREIGN KEY (created_by_id) REFERENCES public.admin_users(id) ON DELETE SET NULL;


--
-- Name: admin_permissions_role_links admin_permissions_role_links_fk; Type: FK CONSTRAINT; Schema: public; Owner: postgres
--

ALTER TABLE ONLY public.admin_permissions_role_links
    ADD CONSTRAINT admin_permissions_role_links_fk FOREIGN KEY (permission_id) REFERENCES public.admin_permissions(id) ON DELETE CASCADE;


--
-- Name: admin_permissions_role_links admin_permissions_role_links_inv_fk; Type: FK CONSTRAINT; Schema: public; Owner: postgres
--

ALTER TABLE ONLY public.admin_permissions_role_links
    ADD CONSTRAINT admin_permissions_role_links_inv_fk FOREIGN KEY (role_id) REFERENCES public.admin_roles(id) ON DELETE CASCADE;


--
-- Name: admin_permissions admin_permissions_updated_by_id_fk; Type: FK CONSTRAINT; Schema: public; Owner: postgres
--

ALTER TABLE ONLY public.admin_permissions
    ADD CONSTRAINT admin_permissions_updated_by_id_fk FOREIGN KEY (updated_by_id) REFERENCES public.admin_users(id) ON DELETE SET NULL;


--
-- Name: admin_roles admin_roles_created_by_id_fk; Type: FK CONSTRAINT; Schema: public; Owner: postgres
--

ALTER TABLE ONLY public.admin_roles
    ADD CONSTRAINT admin_roles_created_by_id_fk FOREIGN KEY (created_by_id) REFERENCES public.admin_users(id) ON DELETE SET NULL;


--
-- Name: admin_roles admin_roles_updated_by_id_fk; Type: FK CONSTRAINT; Schema: public; Owner: postgres
--

ALTER TABLE ONLY public.admin_roles
    ADD CONSTRAINT admin_roles_updated_by_id_fk FOREIGN KEY (updated_by_id) REFERENCES public.admin_users(id) ON DELETE SET NULL;


--
-- Name: admin_users admin_users_created_by_id_fk; Type: FK CONSTRAINT; Schema: public; Owner: postgres
--

ALTER TABLE ONLY public.admin_users
    ADD CONSTRAINT admin_users_created_by_id_fk FOREIGN KEY (created_by_id) REFERENCES public.admin_users(id) ON DELETE SET NULL;


--
-- Name: admin_users_roles_links admin_users_roles_links_fk; Type: FK CONSTRAINT; Schema: public; Owner: postgres
--

ALTER TABLE ONLY public.admin_users_roles_links
    ADD CONSTRAINT admin_users_roles_links_fk FOREIGN KEY (user_id) REFERENCES public.admin_users(id) ON DELETE CASCADE;


--
-- Name: admin_users_roles_links admin_users_roles_links_inv_fk; Type: FK CONSTRAINT; Schema: public; Owner: postgres
--

ALTER TABLE ONLY public.admin_users_roles_links
    ADD CONSTRAINT admin_users_roles_links_inv_fk FOREIGN KEY (role_id) REFERENCES public.admin_roles(id) ON DELETE CASCADE;


--
-- Name: admin_users admin_users_updated_by_id_fk; Type: FK CONSTRAINT; Schema: public; Owner: postgres
--

ALTER TABLE ONLY public.admin_users
    ADD CONSTRAINT admin_users_updated_by_id_fk FOREIGN KEY (updated_by_id) REFERENCES public.admin_users(id) ON DELETE SET NULL;


--
-- Name: components_blocks_banners_components components_blocks_banners_entity_fk; Type: FK CONSTRAINT; Schema: public; Owner: postgres
--

ALTER TABLE ONLY public.components_blocks_banners_components
    ADD CONSTRAINT components_blocks_banners_entity_fk FOREIGN KEY (entity_id) REFERENCES public.components_blocks_banners(id) ON DELETE CASCADE;


--
-- Name: components_components_banner_slides_components components_components_banner_slides_entity_fk; Type: FK CONSTRAINT; Schema: public; Owner: postgres
--

ALTER TABLE ONLY public.components_components_banner_slides_components
    ADD CONSTRAINT components_components_banner_slides_entity_fk FOREIGN KEY (entity_id) REFERENCES public.components_components_banner_slides(id) ON DELETE CASCADE;


--
-- Name: components_shared_seos_components components_shared_seos_entity_fk; Type: FK CONSTRAINT; Schema: public; Owner: postgres
--

ALTER TABLE ONLY public.components_shared_seos_components
    ADD CONSTRAINT components_shared_seos_entity_fk FOREIGN KEY (entity_id) REFERENCES public.components_shared_seos(id) ON DELETE CASCADE;


--
-- Name: files files_created_by_id_fk; Type: FK CONSTRAINT; Schema: public; Owner: postgres
--

ALTER TABLE ONLY public.files
    ADD CONSTRAINT files_created_by_id_fk FOREIGN KEY (created_by_id) REFERENCES public.admin_users(id) ON DELETE SET NULL;


--
-- Name: files_folder_links files_folder_links_fk; Type: FK CONSTRAINT; Schema: public; Owner: postgres
--

ALTER TABLE ONLY public.files_folder_links
    ADD CONSTRAINT files_folder_links_fk FOREIGN KEY (file_id) REFERENCES public.files(id) ON DELETE CASCADE;


--
-- Name: files_folder_links files_folder_links_inv_fk; Type: FK CONSTRAINT; Schema: public; Owner: postgres
--

ALTER TABLE ONLY public.files_folder_links
    ADD CONSTRAINT files_folder_links_inv_fk FOREIGN KEY (folder_id) REFERENCES public.upload_folders(id) ON DELETE CASCADE;


--
-- Name: files_related_morphs files_related_morphs_fk; Type: FK CONSTRAINT; Schema: public; Owner: postgres
--

ALTER TABLE ONLY public.files_related_morphs
    ADD CONSTRAINT files_related_morphs_fk FOREIGN KEY (file_id) REFERENCES public.files(id) ON DELETE CASCADE;


--
-- Name: files files_updated_by_id_fk; Type: FK CONSTRAINT; Schema: public; Owner: postgres
--

ALTER TABLE ONLY public.files
    ADD CONSTRAINT files_updated_by_id_fk FOREIGN KEY (updated_by_id) REFERENCES public.admin_users(id) ON DELETE SET NULL;


--
-- Name: i18n_locale i18n_locale_created_by_id_fk; Type: FK CONSTRAINT; Schema: public; Owner: postgres
--

ALTER TABLE ONLY public.i18n_locale
    ADD CONSTRAINT i18n_locale_created_by_id_fk FOREIGN KEY (created_by_id) REFERENCES public.admin_users(id) ON DELETE SET NULL;


--
-- Name: i18n_locale i18n_locale_updated_by_id_fk; Type: FK CONSTRAINT; Schema: public; Owner: postgres
--

ALTER TABLE ONLY public.i18n_locale
    ADD CONSTRAINT i18n_locale_updated_by_id_fk FOREIGN KEY (updated_by_id) REFERENCES public.admin_users(id) ON DELETE SET NULL;


--
-- Name: localizations localizations_created_by_id_fk; Type: FK CONSTRAINT; Schema: public; Owner: postgres
--

ALTER TABLE ONLY public.localizations
    ADD CONSTRAINT localizations_created_by_id_fk FOREIGN KEY (created_by_id) REFERENCES public.admin_users(id) ON DELETE SET NULL;


--
-- Name: localizations_localizations_links localizations_localizations_links_fk; Type: FK CONSTRAINT; Schema: public; Owner: postgres
--

ALTER TABLE ONLY public.localizations_localizations_links
    ADD CONSTRAINT localizations_localizations_links_fk FOREIGN KEY (localization_id) REFERENCES public.localizations(id) ON DELETE CASCADE;


--
-- Name: localizations_localizations_links localizations_localizations_links_inv_fk; Type: FK CONSTRAINT; Schema: public; Owner: postgres
--

ALTER TABLE ONLY public.localizations_localizations_links
    ADD CONSTRAINT localizations_localizations_links_inv_fk FOREIGN KEY (inv_localization_id) REFERENCES public.localizations(id) ON DELETE CASCADE;


--
-- Name: localizations localizations_updated_by_id_fk; Type: FK CONSTRAINT; Schema: public; Owner: postgres
--

ALTER TABLE ONLY public.localizations
    ADD CONSTRAINT localizations_updated_by_id_fk FOREIGN KEY (updated_by_id) REFERENCES public.admin_users(id) ON DELETE SET NULL;


--
-- Name: pages pages_created_by_id_fk; Type: FK CONSTRAINT; Schema: public; Owner: postgres
--

ALTER TABLE ONLY public.pages
    ADD CONSTRAINT pages_created_by_id_fk FOREIGN KEY (created_by_id) REFERENCES public.admin_users(id) ON DELETE SET NULL;


--
-- Name: pages_components pages_entity_fk; Type: FK CONSTRAINT; Schema: public; Owner: postgres
--

ALTER TABLE ONLY public.pages_components
    ADD CONSTRAINT pages_entity_fk FOREIGN KEY (entity_id) REFERENCES public.pages(id) ON DELETE CASCADE;


--
-- Name: pages_localizations_links pages_localizations_links_fk; Type: FK CONSTRAINT; Schema: public; Owner: postgres
--

ALTER TABLE ONLY public.pages_localizations_links
    ADD CONSTRAINT pages_localizations_links_fk FOREIGN KEY (page_id) REFERENCES public.pages(id) ON DELETE CASCADE;


--
-- Name: pages_localizations_links pages_localizations_links_inv_fk; Type: FK CONSTRAINT; Schema: public; Owner: postgres
--

ALTER TABLE ONLY public.pages_localizations_links
    ADD CONSTRAINT pages_localizations_links_inv_fk FOREIGN KEY (inv_page_id) REFERENCES public.pages(id) ON DELETE CASCADE;


--
-- Name: pages pages_updated_by_id_fk; Type: FK CONSTRAINT; Schema: public; Owner: postgres
--

ALTER TABLE ONLY public.pages
    ADD CONSTRAINT pages_updated_by_id_fk FOREIGN KEY (updated_by_id) REFERENCES public.admin_users(id) ON DELETE SET NULL;


--
-- Name: strapi_api_token_permissions strapi_api_token_permissions_created_by_id_fk; Type: FK CONSTRAINT; Schema: public; Owner: postgres
--

ALTER TABLE ONLY public.strapi_api_token_permissions
    ADD CONSTRAINT strapi_api_token_permissions_created_by_id_fk FOREIGN KEY (created_by_id) REFERENCES public.admin_users(id) ON DELETE SET NULL;


--
-- Name: strapi_api_token_permissions_token_links strapi_api_token_permissions_token_links_fk; Type: FK CONSTRAINT; Schema: public; Owner: postgres
--

ALTER TABLE ONLY public.strapi_api_token_permissions_token_links
    ADD CONSTRAINT strapi_api_token_permissions_token_links_fk FOREIGN KEY (api_token_permission_id) REFERENCES public.strapi_api_token_permissions(id) ON DELETE CASCADE;


--
-- Name: strapi_api_token_permissions_token_links strapi_api_token_permissions_token_links_inv_fk; Type: FK CONSTRAINT; Schema: public; Owner: postgres
--

ALTER TABLE ONLY public.strapi_api_token_permissions_token_links
    ADD CONSTRAINT strapi_api_token_permissions_token_links_inv_fk FOREIGN KEY (api_token_id) REFERENCES public.strapi_api_tokens(id) ON DELETE CASCADE;


--
-- Name: strapi_api_token_permissions strapi_api_token_permissions_updated_by_id_fk; Type: FK CONSTRAINT; Schema: public; Owner: postgres
--

ALTER TABLE ONLY public.strapi_api_token_permissions
    ADD CONSTRAINT strapi_api_token_permissions_updated_by_id_fk FOREIGN KEY (updated_by_id) REFERENCES public.admin_users(id) ON DELETE SET NULL;


--
-- Name: strapi_api_tokens strapi_api_tokens_created_by_id_fk; Type: FK CONSTRAINT; Schema: public; Owner: postgres
--

ALTER TABLE ONLY public.strapi_api_tokens
    ADD CONSTRAINT strapi_api_tokens_created_by_id_fk FOREIGN KEY (created_by_id) REFERENCES public.admin_users(id) ON DELETE SET NULL;


--
-- Name: strapi_api_tokens strapi_api_tokens_updated_by_id_fk; Type: FK CONSTRAINT; Schema: public; Owner: postgres
--

ALTER TABLE ONLY public.strapi_api_tokens
    ADD CONSTRAINT strapi_api_tokens_updated_by_id_fk FOREIGN KEY (updated_by_id) REFERENCES public.admin_users(id) ON DELETE SET NULL;


--
-- Name: strapi_release_actions strapi_release_actions_created_by_id_fk; Type: FK CONSTRAINT; Schema: public; Owner: postgres
--

ALTER TABLE ONLY public.strapi_release_actions
    ADD CONSTRAINT strapi_release_actions_created_by_id_fk FOREIGN KEY (created_by_id) REFERENCES public.admin_users(id) ON DELETE SET NULL;


--
-- Name: strapi_release_actions_release_links strapi_release_actions_release_links_fk; Type: FK CONSTRAINT; Schema: public; Owner: postgres
--

ALTER TABLE ONLY public.strapi_release_actions_release_links
    ADD CONSTRAINT strapi_release_actions_release_links_fk FOREIGN KEY (release_action_id) REFERENCES public.strapi_release_actions(id) ON DELETE CASCADE;


--
-- Name: strapi_release_actions_release_links strapi_release_actions_release_links_inv_fk; Type: FK CONSTRAINT; Schema: public; Owner: postgres
--

ALTER TABLE ONLY public.strapi_release_actions_release_links
    ADD CONSTRAINT strapi_release_actions_release_links_inv_fk FOREIGN KEY (release_id) REFERENCES public.strapi_releases(id) ON DELETE CASCADE;


--
-- Name: strapi_release_actions strapi_release_actions_updated_by_id_fk; Type: FK CONSTRAINT; Schema: public; Owner: postgres
--

ALTER TABLE ONLY public.strapi_release_actions
    ADD CONSTRAINT strapi_release_actions_updated_by_id_fk FOREIGN KEY (updated_by_id) REFERENCES public.admin_users(id) ON DELETE SET NULL;


--
-- Name: strapi_releases strapi_releases_created_by_id_fk; Type: FK CONSTRAINT; Schema: public; Owner: postgres
--

ALTER TABLE ONLY public.strapi_releases
    ADD CONSTRAINT strapi_releases_created_by_id_fk FOREIGN KEY (created_by_id) REFERENCES public.admin_users(id) ON DELETE SET NULL;


--
-- Name: strapi_releases strapi_releases_updated_by_id_fk; Type: FK CONSTRAINT; Schema: public; Owner: postgres
--

ALTER TABLE ONLY public.strapi_releases
    ADD CONSTRAINT strapi_releases_updated_by_id_fk FOREIGN KEY (updated_by_id) REFERENCES public.admin_users(id) ON DELETE SET NULL;


--
-- Name: strapi_transfer_token_permissions strapi_transfer_token_permissions_created_by_id_fk; Type: FK CONSTRAINT; Schema: public; Owner: postgres
--

ALTER TABLE ONLY public.strapi_transfer_token_permissions
    ADD CONSTRAINT strapi_transfer_token_permissions_created_by_id_fk FOREIGN KEY (created_by_id) REFERENCES public.admin_users(id) ON DELETE SET NULL;


--
-- Name: strapi_transfer_token_permissions_token_links strapi_transfer_token_permissions_token_links_fk; Type: FK CONSTRAINT; Schema: public; Owner: postgres
--

ALTER TABLE ONLY public.strapi_transfer_token_permissions_token_links
    ADD CONSTRAINT strapi_transfer_token_permissions_token_links_fk FOREIGN KEY (transfer_token_permission_id) REFERENCES public.strapi_transfer_token_permissions(id) ON DELETE CASCADE;


--
-- Name: strapi_transfer_token_permissions_token_links strapi_transfer_token_permissions_token_links_inv_fk; Type: FK CONSTRAINT; Schema: public; Owner: postgres
--

ALTER TABLE ONLY public.strapi_transfer_token_permissions_token_links
    ADD CONSTRAINT strapi_transfer_token_permissions_token_links_inv_fk FOREIGN KEY (transfer_token_id) REFERENCES public.strapi_transfer_tokens(id) ON DELETE CASCADE;


--
-- Name: strapi_transfer_token_permissions strapi_transfer_token_permissions_updated_by_id_fk; Type: FK CONSTRAINT; Schema: public; Owner: postgres
--

ALTER TABLE ONLY public.strapi_transfer_token_permissions
    ADD CONSTRAINT strapi_transfer_token_permissions_updated_by_id_fk FOREIGN KEY (updated_by_id) REFERENCES public.admin_users(id) ON DELETE SET NULL;


--
-- Name: strapi_transfer_tokens strapi_transfer_tokens_created_by_id_fk; Type: FK CONSTRAINT; Schema: public; Owner: postgres
--

ALTER TABLE ONLY public.strapi_transfer_tokens
    ADD CONSTRAINT strapi_transfer_tokens_created_by_id_fk FOREIGN KEY (created_by_id) REFERENCES public.admin_users(id) ON DELETE SET NULL;


--
-- Name: strapi_transfer_tokens strapi_transfer_tokens_updated_by_id_fk; Type: FK CONSTRAINT; Schema: public; Owner: postgres
--

ALTER TABLE ONLY public.strapi_transfer_tokens
    ADD CONSTRAINT strapi_transfer_tokens_updated_by_id_fk FOREIGN KEY (updated_by_id) REFERENCES public.admin_users(id) ON DELETE SET NULL;


--
-- Name: up_permissions up_permissions_created_by_id_fk; Type: FK CONSTRAINT; Schema: public; Owner: postgres
--

ALTER TABLE ONLY public.up_permissions
    ADD CONSTRAINT up_permissions_created_by_id_fk FOREIGN KEY (created_by_id) REFERENCES public.admin_users(id) ON DELETE SET NULL;


--
-- Name: up_permissions_role_links up_permissions_role_links_fk; Type: FK CONSTRAINT; Schema: public; Owner: postgres
--

ALTER TABLE ONLY public.up_permissions_role_links
    ADD CONSTRAINT up_permissions_role_links_fk FOREIGN KEY (permission_id) REFERENCES public.up_permissions(id) ON DELETE CASCADE;


--
-- Name: up_permissions_role_links up_permissions_role_links_inv_fk; Type: FK CONSTRAINT; Schema: public; Owner: postgres
--

ALTER TABLE ONLY public.up_permissions_role_links
    ADD CONSTRAINT up_permissions_role_links_inv_fk FOREIGN KEY (role_id) REFERENCES public.up_roles(id) ON DELETE CASCADE;


--
-- Name: up_permissions up_permissions_updated_by_id_fk; Type: FK CONSTRAINT; Schema: public; Owner: postgres
--

ALTER TABLE ONLY public.up_permissions
    ADD CONSTRAINT up_permissions_updated_by_id_fk FOREIGN KEY (updated_by_id) REFERENCES public.admin_users(id) ON DELETE SET NULL;


--
-- Name: up_roles up_roles_created_by_id_fk; Type: FK CONSTRAINT; Schema: public; Owner: postgres
--

ALTER TABLE ONLY public.up_roles
    ADD CONSTRAINT up_roles_created_by_id_fk FOREIGN KEY (created_by_id) REFERENCES public.admin_users(id) ON DELETE SET NULL;


--
-- Name: up_roles up_roles_updated_by_id_fk; Type: FK CONSTRAINT; Schema: public; Owner: postgres
--

ALTER TABLE ONLY public.up_roles
    ADD CONSTRAINT up_roles_updated_by_id_fk FOREIGN KEY (updated_by_id) REFERENCES public.admin_users(id) ON DELETE SET NULL;


--
-- Name: up_users up_users_created_by_id_fk; Type: FK CONSTRAINT; Schema: public; Owner: postgres
--

ALTER TABLE ONLY public.up_users
    ADD CONSTRAINT up_users_created_by_id_fk FOREIGN KEY (created_by_id) REFERENCES public.admin_users(id) ON DELETE SET NULL;


--
-- Name: up_users_role_links up_users_role_links_fk; Type: FK CONSTRAINT; Schema: public; Owner: postgres
--

ALTER TABLE ONLY public.up_users_role_links
    ADD CONSTRAINT up_users_role_links_fk FOREIGN KEY (user_id) REFERENCES public.up_users(id) ON DELETE CASCADE;


--
-- Name: up_users_role_links up_users_role_links_inv_fk; Type: FK CONSTRAINT; Schema: public; Owner: postgres
--

ALTER TABLE ONLY public.up_users_role_links
    ADD CONSTRAINT up_users_role_links_inv_fk FOREIGN KEY (role_id) REFERENCES public.up_roles(id) ON DELETE CASCADE;


--
-- Name: up_users up_users_updated_by_id_fk; Type: FK CONSTRAINT; Schema: public; Owner: postgres
--

ALTER TABLE ONLY public.up_users
    ADD CONSTRAINT up_users_updated_by_id_fk FOREIGN KEY (updated_by_id) REFERENCES public.admin_users(id) ON DELETE SET NULL;


--
-- Name: upload_folders upload_folders_created_by_id_fk; Type: FK CONSTRAINT; Schema: public; Owner: postgres
--

ALTER TABLE ONLY public.upload_folders
    ADD CONSTRAINT upload_folders_created_by_id_fk FOREIGN KEY (created_by_id) REFERENCES public.admin_users(id) ON DELETE SET NULL;


--
-- Name: upload_folders_parent_links upload_folders_parent_links_fk; Type: FK CONSTRAINT; Schema: public; Owner: postgres
--

ALTER TABLE ONLY public.upload_folders_parent_links
    ADD CONSTRAINT upload_folders_parent_links_fk FOREIGN KEY (folder_id) REFERENCES public.upload_folders(id) ON DELETE CASCADE;


--
-- Name: upload_folders_parent_links upload_folders_parent_links_inv_fk; Type: FK CONSTRAINT; Schema: public; Owner: postgres
--

ALTER TABLE ONLY public.upload_folders_parent_links
    ADD CONSTRAINT upload_folders_parent_links_inv_fk FOREIGN KEY (inv_folder_id) REFERENCES public.upload_folders(id) ON DELETE CASCADE;


--
-- Name: upload_folders upload_folders_updated_by_id_fk; Type: FK CONSTRAINT; Schema: public; Owner: postgres
--

ALTER TABLE ONLY public.upload_folders
    ADD CONSTRAINT upload_folders_updated_by_id_fk FOREIGN KEY (updated_by_id) REFERENCES public.admin_users(id) ON DELETE SET NULL;


--
-- PostgreSQL database dump complete
--

